age,income,debt_ratio,employment_years,region,has_mortgage,enquiries_6m,postcode_noise,defaulted
43,25470,0.615,8.1,south,no,4,5791,yes
52,26723,0.59,3.3,coastal,no,4,2209,yes
64,31164,0.341,8.3,inland,no,0,8462,no
65,44158,0.266,8.5,coastal,no,4,260,yes
49,73770,0.131,8.6,inland,no,5,4453,yes
47,28089,0.505,12.1,north,yes,3,4586,yes
42,47532,0.049,0,north,no,5,7409,yes
51,22155,0.566,10.3,inland,no,0,2843,yes
58,77104,0.49,13.5,inland,yes,4,3574,no
33,31460,0.295,2.2,coastal,yes,1,8279,no
48,64606,0.221,8.4,north,no,3,3544,yes
26,56911,0.02,6,inland,yes,5,178,yes
66,32661,0.379,8.7,north,no,5,2717,no
57,24096,0.135,0.9,coastal,yes,2,3120,no
23,34167,0.556,3,south,yes,1,8133,no
40,26522,0.02,10.6,coastal,no,1,2231,no
31,38968,0.061,11,coastal,yes,1,5648,no
28,36758,0.232,1.5,coastal,no,3,978,no
60,54660,0.156,1.6,south,yes,4,7864,no
57,47832,0.375,14.4,north,no,1,944,yes
66,27191,0.228,0.5,south,no,2,2488,yes
43,26463,0.275,0.6,inland,yes,3,6068,no
52,33221,0.403,8.7,south,yes,0,7633,no
51,53842,0.095,9,north,yes,3,3010,yes
47,59271,0.236,5.7,south,yes,1,41,yes
61,58429,0.046,7.8,south,yes,5,2934,yes
34,26195,0.213,7.5,north,no,1,4122,no
55,23295,0.302,3.2,north,no,0,6663,yes
40,47057,0.365,4,inland,no,4,4612,yes
61,37481,0.284,4.9,north,yes,5,9130,yes
38,32928,0.064,6.9,inland,no,0,1945,no
39,52257,0.02,3.7,coastal,yes,2,7329,yes
56,27357,0.304,1.2,coastal,no,4,1011,yes
60,46083,0.39,9.8,north,no,3,6117,yes
61,48963,0.149,2.6,coastal,yes,1,507,yes
31,28698,0.095,6.9,north,no,2,104,no
40,28170,0.457,8.5,north,yes,5,5660,yes
27,81379,0.276,5.7,inland,no,1,3053,yes
32,50396,0.503,7.9,inland,yes,2,1262,no
64,35303,0.142,8.8,north,no,5,1583,yes
36,32852,0.02,12,north,no,4,2444,yes
64,29322,0.238,0,south,yes,2,1916,no
61,31141,0.033,11.9,inland,yes,0,6992,no
39,82509,0.422,10.1,coastal,no,3,9540,yes
58,42550,0.214,6.3,north,no,4,9399,no
53,24181,0.556,9.4,inland,no,5,7098,yes
43,69774,0.205,16.7,coastal,no,1,9341,yes
48,60089,0.245,1.1,south,yes,0,3522,yes
61,47209,0.169,11.7,inland,no,3,6942,yes
33,28441,0.138,9,coastal,yes,2,2680,no
67,53011,0.193,10.2,south,no,1,2392,yes
67,31758,0.422,8.5,south,yes,3,9853,yes
45,40562,0.146,5.6,inland,yes,3,104,yes
50,37386,0.286,7.7,coastal,yes,3,4499,no
53,29796,0.445,7,south,yes,0,9089,yes
34,34349,0.223,7,inland,yes,0,7897,no
45,31868,0.838,6.4,coastal,no,5,7447,yes
47,49992,0.448,11,north,no,1,7261,no
31,43163,0.396,3.4,south,no,5,4150,yes
53,62589,0.159,4.5,north,yes,2,5886,yes
25,32692,0.377,3.1,coastal,yes,4,9931,no
28,39191,0.357,1.8,inland,no,0,3014,no
54,38978,0.284,2.7,inland,no,1,8686,yes
61,47800,0.424,6.4,south,yes,5,5457,no
52,44010,0.678,7.5,inland,no,1,5726,yes
38,41092,0.02,0,coastal,no,2,7215,yes
62,39901,0.405,7.9,coastal,no,3,4552,yes
36,73790,0.425,3.6,south,no,3,9310,no
37,77995,0.177,7.2,north,no,3,7426,yes
38,31990,0.266,8.4,coastal,yes,0,6625,no
24,39644,0.259,4,south,no,4,1236,yes
52,61804,0.628,7.2,coastal,yes,1,5642,no
46,42124,0.112,1.7,north,no,0,4316,no
25,67196,0.145,1.2,inland,yes,2,2529,yes
59,33656,0.243,12.1,south,no,2,9377,no
30,43190,0.423,9.4,inland,yes,4,3823,yes
41,69253,0.367,4.5,inland,yes,2,7936,yes
23,32220,0.657,3,inland,no,3,5902,yes
37,88566,0.424,6.6,coastal,yes,0,5584,no
46,,0.517,6.2,coastal,yes,3,2995,no
23,39804,0.136,2.1,south,no,2,8575,no
46,44816,0.266,7.8,north,yes,5,9872,yes
64,23423,0.262,8.6,inland,yes,4,1993,no
32,38726,0.325,6.2,coastal,no,4,6133,yes
55,73116,0.247,0,coastal,no,4,1059,yes
41,26308,0.02,14.6,inland,yes,2,1697,no
29,46033,0.172,9,inland,no,4,1521,yes
47,26750,0.562,3.2,south,no,3,9020,yes
39,71322,0.536,8.7,south,yes,0,120,no
55,42241,0.354,10.8,north,yes,5,7219,no
46,67900,0.23,3.4,north,yes,0,4572,yes
23,34981,0.169,0,north,no,5,5354,yes
22,25170,0.169,2,inland,yes,1,2949,no
63,31982,0.187,7,coastal,yes,5,4235,no
48,34037,0.137,8.9,inland,no,0,2617,yes
40,25683,0.04,7.2,south,yes,5,5026,yes
53,63656,0.176,7.6,coastal,no,0,1614,yes
46,45457,0.152,0,inland,yes,3,2861,yes
28,63616,0.115,8,north,yes,1,9978,yes
42,42914,0.354,0,north,yes,4,7268,no
61,22992,0.106,1,south,no,1,7532,yes
53,23798,0.063,1.5,inland,yes,5,1317,no
57,22098,0.676,0.8,south,yes,0,7474,yes
62,36576,0.365,4.2,south,yes,1,1027,no
49,50336,0.641,2.7,coastal,yes,3,7191,no
46,23813,0.293,9.2,south,yes,0,6253,no
67,36870,0.384,10.4,coastal,no,0,7502,yes
51,54728,0.466,13.3,inland,no,2,8315,yes
23,52678,0.108,3,inland,no,3,5427,yes
23,23790,0.323,3,south,yes,0,7998,no
40,83965,0.37,9.7,south,no,1,1687,no
65,67775,0.308,7.6,coastal,no,5,7559,yes
53,58232,0.379,0,inland,yes,2,494,yes
22,28963,0.343,2,south,yes,4,7470,no
28,51585,0.385,7.6,coastal,no,1,6479,no
64,48416,0.211,3.5,inland,no,1,8474,yes
43,50773,0.235,8.2,north,yes,5,5050,yes
58,28343,0.299,8.4,inland,no,3,5516,no
64,60066,0.535,4.6,south,no,3,4814,yes
31,105817,0.547,9.9,inland,yes,3,3819,no
54,54242,0.071,8.8,inland,no,1,2199,yes
52,23097,0.402,1.3,south,yes,2,3627,yes
61,,0.02,8.6,inland,no,5,3948,yes
63,61898,0.525,11.7,south,yes,0,3739,no
41,26355,0.5,12.7,south,yes,3,3266,yes
28,50101,0.15,0,south,yes,1,5088,no
61,50318,0.383,3.9,south,yes,4,397,no
53,37069,0.128,3.3,south,no,2,3508,no
45,29746,0.283,0,north,no,5,3952,yes
29,67662,0.415,3,north,no,4,3187,no
47,39823,0.173,3,south,yes,5,7419,no
53,68043,0.283,8,coastal,yes,1,8782,no
48,63036,0.297,4.1,north,yes,1,3577,no
67,50085,0.217,11.2,inland,no,3,1431,no
41,,0.398,0,inland,no,4,1908,yes
28,32762,0.021,0,coastal,yes,1,8386,no
42,44718,0.273,0,coastal,yes,1,3352,yes
49,44463,0.307,11.5,coastal,yes,3,2373,yes
64,29446,0.201,17,coastal,no,5,7199,yes
51,32914,0.312,8.6,north,yes,0,4335,no
61,32717,0.252,3.1,inland,no,5,1789,yes
31,33732,0.113,1.7,coastal,no,4,5014,yes
61,35183,0.458,3.1,inland,yes,1,6590,yes
27,32642,0.02,4.2,inland,yes,0,4998,no
48,23417,0.062,4.3,inland,yes,3,5387,no
43,30858,0.153,13.2,north,no,1,1580,no
56,26188,0.39,7.1,inland,yes,2,7815,yes
31,29706,0.562,3.3,inland,yes,2,7778,yes
40,68808,0.241,5.6,south,no,3,6618,yes
25,54907,0.603,2.4,inland,yes,5,6946,no
35,49499,0.353,8.2,north,no,2,4293,yes
23,53767,0.21,3,south,yes,5,4548,yes
50,42641,0.164,6.5,north,no,0,4660,no
52,27465,0.33,4.8,north,yes,5,1005,no
24,24785,0.453,4,inland,no,4,6435,yes
47,40013,0.401,0,inland,yes,0,3633,yes
42,34776,0.286,9.5,north,no,1,524,yes
51,30168,0.275,5.6,south,no,3,3567,yes
27,73054,0.293,7,coastal,no,0,2038,no
23,73464,0.365,3,inland,no,0,9750,yes
38,63835,0.363,0,north,no,4,3941,yes
38,45274,0.024,6.1,coastal,yes,2,6268,yes
35,34655,0.352,9.7,north,no,2,9990,no
66,36342,0.207,4.1,north,no,0,3254,no
64,28424,0.357,10.5,coastal,no,2,6171,no
46,38256,0.224,2.4,coastal,no,0,3715,no
61,32837,0.02,12.7,north,no,2,3313,yes
29,52582,0.483,0.6,coastal,yes,2,7848,no
55,70621,0.187,6.7,south,no,0,7957,yes
26,28338,0.271,2.5,south,yes,3,6492,no
63,23674,0.142,6.4,south,no,3,3193,no
49,48933,0.303,5,north,no,0,6848,yes
57,33586,0.105,7,coastal,no,0,6140,no
47,51683,0.404,5.8,coastal,yes,1,3047,no
45,39810,0.381,15.1,south,no,3,3945,yes
57,26351,0.157,2.7,south,yes,0,4739,no
46,56885,0.34,7.7,south,yes,5,7998,yes
37,56726,0.128,8.7,north,no,0,4906,yes
34,88462,0.157,6.8,north,yes,0,7674,no
30,68721,0.02,4.2,south,yes,4,3223,yes
60,26526,0.073,6.8,inland,yes,0,9909,no
47,24495,0.245,6.7,south,yes,1,2585,no
46,26765,0.387,6.1,coastal,yes,5,2826,yes
48,51446,0.373,2.3,inland,no,5,6227,yes
23,28088,0.265,3,coastal,yes,5,747,yes
41,54430,0.091,7.3,coastal,no,5,6698,yes
39,29745,0.202,3.1,coastal,yes,3,1691,yes
54,33104,0.36,7,south,no,2,5817,no
44,55984,0.272,14.9,inland,no,4,8754,yes
57,45218,0.295,8.7,south,no,1,1472,yes
60,36709,0.412,8.8,south,no,2,1558,yes
37,46424,0.106,5.6,coastal,no,2,6487,yes
46,26962,0.337,5.1,inland,no,0,8491,no
63,34959,0.208,9.3,coastal,no,3,317,no
41,43691,0.206,2.7,inland,no,3,4228,no
61,23104,0.165,2.4,north,yes,3,9924,no
52,66695,0.196,8.9,inland,no,3,2578,yes
39,,0.41,11.8,coastal,yes,4,780,yes
63,69128,0.307,15.6,north,yes,4,7278,yes
45,56782,0.349,8.6,south,yes,3,3602,yes
37,69891,0.152,12.2,north,no,2,1804,yes
48,23440,0.225,9.3,inland,no,4,8651,no
67,,0.286,0.7,north,yes,0,1698,no
35,42827,0.777,5.6,south,no,1,5408,yes
67,36647,0.622,3.9,inland,yes,3,3341,yes
34,57113,0.423,3.7,coastal,no,2,4336,no
23,59086,0.212,3,north,no,3,2214,yes
60,27345,0.079,5.6,inland,no,0,2405,no
41,63200,0.471,0,south,no,3,7406,no
54,37797,0.084,7,north,no,4,4812,no
36,39523,0.316,14.9,south,no,5,4489,yes
56,30228,0.463,4.6,inland,yes,2,6063,no
54,27135,0.402,3,inland,yes,1,1550,no
49,34938,0.293,12.5,south,no,5,5882,no
45,24595,0.426,10.8,north,no,1,2410,yes
53,38773,0.324,11.2,south,yes,1,6283,no
66,36332,0.383,0,south,yes,5,5795,yes
22,22862,0.199,2,inland,yes,1,370,no
58,28145,0.288,9.1,inland,no,4,3261,no
50,54116,0.218,0,north,yes,5,9061,yes
26,75777,0.297,0.5,north,no,0,8995,no
26,73413,0.42,4.3,inland,yes,3,864,no
50,53468,0.142,9.3,inland,yes,3,1620,no
57,46763,0.532,0,coastal,yes,1,5996,no
44,32066,0.309,4.7,north,no,4,3184,no
22,27112,0.368,2,coastal,no,0,7718,no
60,39620,0.322,1,inland,no,3,5365,yes
62,52834,0.177,10.8,north,no,4,5727,yes
31,40650,0.578,3.4,coastal,yes,5,527,yes
29,23859,0.045,0.9,north,yes,3,4648,no
31,43634,0.497,0,south,yes,5,7408,yes
47,41982,0.304,8,inland,no,3,2585,yes
58,69547,0.237,7.9,north,no,3,6507,yes
37,56207,0.237,6.1,inland,yes,1,5866,yes
44,46446,0.266,3.1,inland,yes,3,7709,yes
38,42771,0.111,5,south,yes,5,3218,yes
47,24186,0.27,10,north,yes,3,9468,no
63,38208,0.02,5.1,south,no,1,1165,yes
34,38117,0.174,8.3,north,no,0,3640,no
28,63061,0.142,7,coastal,no,3,7075,no
65,39355,0.295,10.8,inland,yes,3,6176,yes
30,27758,0.731,4.4,inland,no,2,758,yes
61,50873,0.134,10.6,inland,no,3,9041,yes
61,44200,0.363,8.5,coastal,yes,0,4004,yes
59,30763,0.357,0.8,inland,yes,1,8112,no
56,28299,0.362,8.6,north,no,5,6296,no
41,80803,0.446,5.8,south,no,5,5955,yes
65,39754,0.174,2.4,south,yes,1,8108,no
29,30800,0.367,9,north,no,0,2910,no
62,37062,0.527,13.9,coastal,no,1,448,yes
63,48006,0.238,11.8,south,yes,4,1634,yes
57,63008,0.328,15.1,north,no,2,9287,yes
47,38513,0.425,7.9,coastal,no,5,9093,yes
66,45458,0.488,9,inland,no,2,9757,yes
63,61817,0.174,5.5,north,no,3,7885,yes
58,31175,0.484,4.6,inland,yes,0,6033,no
57,28681,0.219,10.2,north,yes,0,1451,no
63,45382,0.183,3.8,inland,yes,5,8758,yes
51,,0.138,0,inland,no,4,8151,yes
56,34392,0.02,6.1,north,yes,1,1135,no
29,54879,0.321,8.6,south,no,4,4756,yes
46,42838,0.477,9.9,inland,yes,3,3214,yes
64,48904,0.02,5.6,south,yes,4,6354,yes
33,25145,0.02,6,inland,no,3,2286,yes
38,69359,0.215,3.4,inland,yes,1,2458,yes
33,70018,0.261,11.9,inland,no,5,5094,yes
30,31094,0.02,7.4,inland,no,5,8699,no
51,,0.341,3.3,south,no,5,938,yes
63,23570,0.02,11.2,south,yes,4,4536,no
33,56343,0.663,6.9,south,no,4,6805,no
39,39806,0.412,7.1,south,no,3,5586,yes
59,41388,0.158,0.6,south,yes,4,1925,no
59,55275,0.194,7.6,coastal,yes,1,3625,yes
30,51881,0.362,3.7,south,yes,0,917,yes
65,33440,0.286,5.2,south,yes,0,2402,no
49,35162,0.232,7.3,north,yes,4,7300,no
27,43821,0.191,5.4,south,no,1,3751,no
49,54146,0.45,6.7,south,no,0,9135,no
27,25334,0.231,4.7,coastal,yes,3,1470,yes
53,25315,0.214,7.2,coastal,no,3,7347,yes
27,47851,0.27,7,south,no,3,6247,no
45,49775,0.143,8.3,inland,no,3,2102,no
39,30271,0.185,0.4,inland,yes,5,4801,no
65,39917,0.323,3,inland,yes,5,5357,yes
26,69313,0.453,6,inland,yes,0,9619,no
23,35586,0.28,3,inland,yes,2,3441,no
39,60250,0.033,3.1,coastal,no,5,3383,yes
64,30777,0.838,6.9,coastal,no,5,6498,yes
30,60267,0.161,3.8,south,no,5,1142,yes
45,73254,0.1,2.4,coastal,no,1,6411,yes
60,22918,0.561,10.5,inland,yes,2,355,yes
66,45493,0.423,8.9,coastal,no,2,168,no
33,95646,0.3,6.2,coastal,yes,3,9868,yes
62,23244,0.672,0,south,no,5,4047,yes
26,46188,0.048,6,south,no,3,3230,yes
22,25395,0.259,2,south,no,2,6710,no
39,39132,0.075,5.5,inland,yes,1,1019,no
52,22701,0.268,5,inland,no,5,7627,no
30,27830,0.167,5.5,south,yes,0,2347,no
46,27032,0.274,9.4,north,no,5,2946,no
34,47307,0.387,1.3,north,no,1,9788,yes
28,77803,0.381,0,south,yes,5,1863,no
61,42459,0.253,6.1,north,yes,2,8196,yes
26,52818,0.503,5.2,south,no,3,6346,no
52,24610,0.357,6.9,inland,no,2,254,no
28,35417,0.257,6.1,south,no,1,2766,no
43,27975,0.209,10,south,yes,4,7942,yes
43,25868,0.444,7.2,coastal,yes,1,1529,yes
56,49061,0.02,4.5,north,yes,4,7959,no
37,43879,0.198,6.3,south,yes,5,3539,no
24,58362,0.34,4,inland,yes,1,8485,yes
38,39864,0.373,2.6,coastal,no,0,7568,no
50,28681,0.504,6,south,no,5,5161,yes
62,58636,0.214,8.4,south,no,2,7003,yes
50,39869,0.148,9.5,coastal,no,1,5680,no
66,60871,0.402,10,south,no,3,3629,no
47,28098,0.124,1.4,inland,yes,0,1816,no
30,31528,0.278,4,south,no,2,5861,yes
24,35880,0.141,4,coastal,no,3,3343,no
25,53135,0.181,5,south,yes,4,5311,yes
46,63110,0.455,6.8,south,no,1,8380,yes
23,42996,0.344,3,south,yes,4,2414,yes
44,32850,0.02,2.8,north,no,4,2796,no
27,30551,0.417,3.9,south,yes,2,8480,yes
67,33404,0.375,0,south,no,5,7624,yes
30,61012,0.078,5.1,south,no,0,3578,yes
24,79936,0.02,2.7,inland,no,4,5829,yes
30,31711,0.279,2.4,coastal,no,4,6941,no
53,44168,0.272,15.6,north,no,5,7697,no
22,24828,0.325,2,inland,no,2,2257,no
31,68306,0.02,10.8,north,yes,1,6926,no
24,47813,0.193,4,north,no,3,8638,yes
56,22455,0.52,12.8,coastal,yes,0,1435,no
64,36642,0.718,9.4,south,yes,1,5408,yes
44,,0.612,0.3,coastal,no,3,4367,yes
23,37927,0.297,3,north,no,0,8969,no
43,24972,0.229,9,inland,yes,3,7392,no
62,49839,0.205,2.7,coastal,no,5,2627,yes
40,51073,0.432,4.3,north,no,2,6033,no
39,40920,0.359,9.5,coastal,yes,5,1169,yes
37,23659,0.098,6.3,inland,yes,2,6171,no
59,54835,0.232,12.5,south,no,0,9520,yes
32,34164,0.235,9.6,south,no,1,4693,no
56,71036,0.327,3.8,coastal,no,0,9933,yes
39,37841,0.568,14.5,south,yes,2,3411,yes
63,37225,0.174,4.7,coastal,no,4,7122,yes
43,56652,0.449,1.2,inland,no,1,5604,no
51,26302,0.487,1.6,north,no,4,3623,yes
53,44848,0.02,3.6,north,no,5,1724,yes
28,31431,0.348,2.9,inland,no,5,2140,no
24,23790,0.038,4,inland,yes,3,7383,no
45,,0.235,8.2,north,yes,3,5420,no
29,30171,0.342,0,coastal,no,3,1514,yes
61,71190,0.422,5.4,north,no,1,6929,yes
33,22780,0.077,8.2,south,no,0,764,no
42,37067,0.183,7.5,north,yes,2,843,no
53,49348,0.147,0,south,no,2,487,yes
48,38772,0.365,6.1,north,no,5,7266,yes
55,53882,0.225,4.8,coastal,no,3,2337,yes
29,27032,0.349,9,inland,yes,4,1690,no
45,23051,0.611,9.7,south,no,1,6182,yes
61,55179,0.352,1.3,north,yes,4,535,yes
40,59661,0.214,5.9,coastal,no,1,2368,yes
47,29192,0.209,10.9,coastal,no,3,1976,yes
65,51585,0.066,2.6,north,no,2,7809,yes
55,71913,0.02,1.1,inland,no,4,2879,yes
44,25046,0.294,6.5,coastal,no,4,5807,no
37,46048,0.21,0,coastal,yes,4,6782,yes
55,,0.035,9.5,south,yes,1,6517,yes
51,46921,0.437,6.2,north,yes,0,5521,yes
40,23155,0.154,0.1,north,no,1,646,yes
46,59107,0.175,10.5,coastal,yes,1,4103,yes
29,83261,0.219,7.1,north,no,5,4892,yes
27,28000,0.415,5.3,north,yes,3,4269,yes
57,51087,0.02,0.7,inland,yes,0,9264,yes
34,51551,0.489,8.8,inland,no,3,9601,no
53,40362,0.419,5.7,north,no,3,1563,yes
34,27278,0.509,8.8,north,no,3,4694,yes
60,61750,0.217,6.2,coastal,yes,3,6589,yes
45,35839,0.362,10.8,coastal,no,3,3954,no
47,33471,0.148,9.2,north,no,1,3461,yes
40,53298,0.179,9.1,coastal,no,3,6653,no
22,47771,0.241,2,inland,yes,0,2631,yes
54,22658,0.18,4.7,inland,no,1,4596,no
41,76766,0.36,2.3,coastal,no,2,212,yes
22,33659,0.228,2,south,yes,0,5957,no
27,24748,0.803,7,inland,no,2,5065,yes
40,29597,0.242,9.3,coastal,yes,3,8208,no
35,37744,0.277,11.7,south,no,3,6144,no
47,34695,0.601,6.2,inland,yes,2,4612,yes
51,70388,0.416,7.1,north,no,4,8366,yes
33,49756,0.08,1.4,coastal,no,4,290,yes
52,68388,0.302,4.2,south,no,3,4155,yes
60,,0.19,5.7,coastal,no,3,8895,no
40,42436,0.603,1.6,north,no,3,5187,yes
36,47293,0.42,8.8,north,no,1,7846,no
64,49921,0.55,6.8,inland,yes,2,8267,no
44,49164,0.542,12.9,north,no,5,784,no
31,35355,0.339,7,coastal,no,1,482,no
48,57843,0.312,7.5,inland,yes,3,9821,yes
36,34109,0.357,8.2,south,yes,5,9413,yes
33,64492,0.221,7.3,coastal,no,0,252,yes
31,43591,0.233,3.7,north,yes,2,3507,no
31,30510,0.113,2.8,south,no,3,6227,no
45,27883,0.222,5.7,inland,no,1,249,no
63,46441,0.162,5.7,north,no,0,3686,yes
30,71792,0.534,5.3,north,no,2,5570,no
43,34808,0.27,0,north,no,1,8500,yes
42,52025,0.243,12.6,inland,yes,5,7142,yes
57,58958,0.715,9.2,inland,yes,3,3963,yes
22,29801,0.309,2,coastal,no,1,8683,yes
50,,0.272,8.2,north,no,3,8266,yes
37,48761,0.128,5.7,inland,no,1,4762,yes
58,69680,0.264,1.3,south,no,0,3898,yes
25,48869,0.304,4.5,inland,no,4,2706,no
50,43484,0.949,9.9,south,no,0,2856,yes
60,31729,0.605,9.6,south,no,3,8963,yes
23,40152,0.244,3,inland,yes,5,1828,no
59,38761,0.548,1.2,south,no,4,3941,yes
67,63396,0.373,16.2,inland,no,2,6533,yes
33,64351,0.502,2.4,south,no,4,8751,no
36,33839,0.457,6.5,coastal,no,4,1035,yes
66,56594,0.28,5.9,coastal,no,2,1613,no
37,33389,0.37,8.6,inland,yes,1,6542,no
43,34321,0.266,6.3,north,no,0,1700,no
59,52957,0.427,6.1,inland,no,4,9802,yes
50,28100,0.02,12,south,no,4,7814,yes
58,38475,0.2,4.7,north,yes,5,4174,no
38,36144,0.072,0,south,no,2,3485,yes
55,35627,0.478,6.7,coastal,no,4,2001,yes
56,35924,0.02,0,south,no,2,2038,yes
30,29407,0.229,2.7,north,no,5,3263,yes
29,74731,0.539,9,south,yes,0,3215,no
59,40814,0.044,6.1,south,no,0,525,yes
59,57374,0.02,5.8,north,no,0,2691,yes
60,55175,0.205,8.2,south,no,4,3482,no
36,38570,0.124,5.7,inland,no,1,7636,yes
22,23294,0.133,2,inland,no,4,1433,yes
49,38065,0.21,6.3,north,no,0,756,no
56,42338,0.279,3.9,south,yes,5,4684,no
38,32593,0.3,8.1,south,no,0,7381,no
42,31098,0.21,9.3,coastal,no,2,1143,no
42,31438,0.324,12.5,south,yes,1,4673,yes
43,42259,0.198,1,south,yes,2,1824,no
34,44715,0.253,10.7,inland,no,0,9516,no
59,50845,0.342,0.8,south,no,5,6286,yes
23,44039,0.522,3,north,yes,3,470,yes
39,41012,0.245,6.4,inland,no,3,1812,yes
23,56701,0.198,0,coastal,no,5,8368,yes
37,24045,0.38,0.2,inland,yes,3,7894,no
27,44207,0.323,5.2,north,yes,0,4668,yes
66,42347,0.394,14.5,coastal,no,1,2522,yes
57,26642,0.196,13.4,north,yes,0,8873,no
32,38896,0.02,5.6,coastal,no,5,1404,no
49,26679,0.292,0,coastal,yes,0,799,no
22,66720,0.117,2,coastal,no,1,8270,yes
66,45585,0.503,0.2,coastal,no,2,1129,no
46,86041,0.41,9.2,south,no,3,1217,yes
44,74285,0.443,8.6,south,no,0,8222,yes
34,36178,0.465,7.7,north,yes,5,8559,yes
27,51069,0.138,7,south,no,2,3551,yes
39,48277,0.17,5.3,coastal,yes,3,8067,yes
50,27390,0.249,14.3,inland,no,2,556,no
43,36081,0.222,6.4,coastal,yes,1,4304,no
55,35695,0.46,8.8,south,no,5,6812,yes
46,31535,0.397,11.1,north,no,4,8990,yes
51,40468,0.536,7,north,no,4,9219,yes
59,57072,0.444,3,north,no,4,1583,no
50,60177,0.676,9.3,south,yes,0,509,no
43,33003,0.279,7.3,coastal,no,1,3516,no
67,29055,0.216,4.7,south,no,3,5107,no
54,57014,0.322,8.4,south,yes,0,1508,yes
58,33096,0.053,11.3,coastal,yes,5,8544,yes
49,46061,0.26,0.3,north,no,5,8894,yes
50,63748,0.115,1.4,inland,no,1,16,yes
55,70539,0.224,2.7,inland,yes,1,5037,no
42,31271,0.128,5.9,inland,no,2,5329,yes
38,67610,0.594,9.7,south,no,3,5902,yes
58,47036,0.522,6.7,coastal,yes,3,2001,no
33,52987,0.284,6.9,south,no,0,5436,yes
63,44444,0.022,0,inland,no,5,210,no
33,49094,0.281,9.5,north,no,2,597,no
43,24674,0.184,6.9,inland,yes,4,1739,no
33,70592,0.162,10.9,south,yes,1,4098,yes
28,44230,0.051,8,north,yes,5,820,yes
55,62579,0.172,0,south,no,0,8500,yes
34,52449,0.144,5,south,yes,3,7911,yes
61,41628,0.305,6,coastal,yes,5,7294,yes
22,45009,0.047,0,inland,yes,2,4533,yes
62,32672,0.453,8.1,inland,no,1,1332,yes
39,55184,0.355,7.3,inland,yes,0,7450,yes
24,34042,0.124,4,south,yes,1,684,no
53,,0.032,5,north,yes,2,8849,no
40,27346,0.355,6.3,inland,yes,4,8438,no
42,49747,0.296,10.9,inland,no,2,2336,no
66,40721,0.313,11.4,coastal,no,5,3839,no
39,23715,0.409,9.7,north,no,0,625,yes
65,23304,0.18,1.6,coastal,yes,3,1283,yes
40,60288,0.02,0,south,yes,1,2831,yes
55,,0.471,12,north,no,2,6020,yes
52,79243,0.205,2.2,south,no,2,5133,yes
65,41435,0.551,2.5,coastal,no,5,6267,yes
45,41950,0.14,8.8,south,no,5,7391,yes
34,53601,0.232,5.1,inland,no,2,78,yes
56,27046,0.202,9.2,south,yes,4,3310,yes
29,71009,0.038,9,coastal,no,0,1308,yes
52,36882,0.143,12.5,north,no,5,3311,no
64,76887,0.452,7.4,inland,no,5,2910,yes
38,30821,0.22,9.4,coastal,no,5,4287,no
59,53296,0.171,3.1,north,no,2,2184,yes
67,72073,0.451,0,south,yes,2,6929,yes
59,27490,0.311,3.9,coastal,no,4,4734,yes
23,48920,0.152,3,coastal,yes,5,3630,yes
25,31151,0.303,5,inland,no,3,868,no
66,32033,0.184,4.8,north,no,0,3062,no
33,28420,0.572,5.5,south,yes,0,4678,yes
35,42602,0.02,9.5,north,yes,0,8214,no
46,46547,0.238,10.5,south,no,2,1651,yes
34,34703,0.02,5.1,north,yes,4,4848,no
39,60563,0.288,6.2,south,no,5,3974,yes
63,28176,0.28,10.7,south,yes,0,3324,yes
55,36240,0.202,5.6,south,no,2,49,no
25,51071,0.457,5,inland,yes,3,733,no
35,44553,0.361,1.6,inland,no,5,1756,no
61,70747,0.235,12.9,north,no,1,5364,yes
50,26989,0.421,8.8,south,no,1,6878,no
32,50633,0.394,3.9,coastal,yes,4,9993,no
27,30255,0.192,7,coastal,yes,3,2596,no
49,26921,0.111,12.9,inland,yes,4,4883,no
45,30848,0.302,4.3,north,no,1,6267,no
38,39714,0.199,6,south,no,3,8302,yes
35,35452,0.02,7.6,inland,no,4,5000,yes
44,30494,0.155,8,coastal,yes,2,3615,no
30,,0.27,9.1,north,no,2,9708,yes
50,36872,0.172,3.1,north,no,5,5407,no
30,73954,0.458,8.9,north,no,0,3731,yes
66,36791,0.02,0,north,no,1,2206,no
55,40613,0.586,5,coastal,no,5,233,yes
54,57223,0.212,6.1,north,no,5,1369,yes
59,27820,0.498,10,south,no,2,2253,yes
42,55458,0.323,3.5,coastal,no,0,503,yes
49,74137,0.303,4.1,south,yes,5,6528,yes
23,34676,0.318,3,south,no,1,3390,yes
50,51798,0.113,13,south,yes,4,8076,yes
60,33157,0.317,3.8,inland,no,0,6051,yes
46,45584,0.02,6.9,inland,no,3,6592,yes
55,23553,0.385,7.6,north,yes,5,8148,yes
63,71342,0.279,3.4,north,yes,3,9845,yes
41,29564,0.271,10.8,south,no,1,4272,no
39,44074,0.082,4.8,coastal,yes,3,3965,no
24,41769,0.206,4,coastal,no,2,2323,yes
61,43063,0.318,5.7,coastal,no,1,9822,no
28,47127,0.071,3.7,inland,yes,3,490,no
63,28128,0.094,0,north,yes,5,6361,no
53,27878,0.558,8.3,south,yes,3,9819,no
66,69010,0.375,1.9,north,yes,1,593,yes
37,35306,0.265,3.3,south,yes,4,8853,no
65,27887,0.186,2.4,south,no,3,9954,no
30,32124,0.277,5.6,north,yes,0,3261,no
58,28266,0.593,7.4,north,no,1,4405,no
50,41431,0.358,5.4,coastal,yes,4,8548,no
24,,0.054,4,coastal,yes,3,9668,yes
49,35540,0.02,4.1,inland,yes,4,1564,yes
22,23644,0.189,2,coastal,no,1,888,no
46,52825,0.516,6.1,south,no,1,9520,yes
45,22981,0.02,6.8,coastal,no,1,7388,no
47,70101,0.192,0.7,inland,no,2,3006,yes
27,76196,0.032,0,south,no,2,8552,yes
34,58888,0.367,2.8,inland,no,3,3165,yes
58,41699,0.344,5.8,north,no,3,8035,no
41,27901,0.02,7.3,south,no,2,2721,yes
23,39378,0.288,1.5,south,no,1,6869,no
24,33634,0.44,4,south,yes,2,9756,no
65,79726,0.533,3.5,coastal,yes,5,5087,yes
32,29716,0.154,5.6,north,yes,1,7805,no
31,44901,0.299,3.5,north,yes,3,5630,no
51,43420,0.323,5.1,inland,no,4,984,no
56,74723,0.177,4.7,inland,yes,2,1665,yes
48,54355,0.166,16.8,coastal,no,2,6284,yes
40,23852,0.346,7.5,inland,no,2,6791,no
61,52292,0.339,6.3,coastal,no,3,6869,no
42,42571,0.12,10.4,south,yes,3,3638,no
55,49486,0.222,5.9,south,yes,1,2183,no
32,53004,0.22,9.7,inland,yes,4,3001,no
32,39270,0.291,4.2,north,no,0,3795,yes
59,47074,0.41,9.2,coastal,no,2,8299,yes
55,39281,0.593,0.6,inland,yes,4,7048,yes
52,55146,0.291,7.7,inland,no,5,974,yes
55,61661,0.541,7.4,coastal,no,3,267,yes
35,78742,0.351,7,coastal,no,2,1275,yes
46,23160,0.283,4.7,north,no,5,3347,yes
52,22822,0.369,10,coastal,no,4,8655,no
43,54297,0.277,21.2,coastal,no,3,7839,yes
51,48791,0.709,6.8,north,no,2,935,no
62,26065,0.347,2.3,south,yes,2,816,no
58,28469,0.388,6.9,north,no,4,3228,yes
36,27831,0.128,12.5,north,no,1,1556,yes
33,37113,0.361,1.9,coastal,yes,4,4609,yes
45,34845,0.502,10.6,north,yes,3,2991,yes
36,61332,0.543,4.7,south,no,2,9758,no
61,29984,0.138,2.3,coastal,no,3,7427,yes
32,35109,0.464,2.6,south,yes,0,7630,yes
66,25115,0.16,12,north,yes,1,5822,yes
60,63392,0.469,6.5,south,no,3,8352,no
54,36330,0.355,6,coastal,yes,2,4926,no
46,47102,0.264,6.7,coastal,no,1,8674,yes
37,43399,0.466,2.6,south,yes,2,8975,yes
60,23456,0.517,10.1,south,no,5,5497,yes
41,31471,0.236,2.6,coastal,no,0,2521,no
27,26366,0.281,6.8,coastal,no,2,5851,no
51,39938,0.347,6.5,south,no,0,4822,no
57,22242,0.33,0,south,yes,4,4481,yes
56,41314,0.306,6,north,yes,3,6187,no
57,24399,0.289,1.5,south,yes,5,9536,yes
37,56943,0.052,1.2,coastal,no,0,9305,yes
50,40181,0.372,7,north,no,4,7060,yes
64,41951,0.28,2.1,north,no,3,4897,yes
25,,0.205,5,south,no,1,7650,no
29,41080,0.445,8.4,coastal,no,1,2755,no
28,66140,0.415,6.2,inland,yes,0,5663,yes
58,49586,0.02,5.7,inland,yes,1,1604,yes
47,28643,0.079,11.3,coastal,no,2,6100,no
51,28030,0.107,4.8,south,no,1,8310,yes
41,23692,0.423,2.7,south,yes,4,2178,yes
37,46844,0.362,5.4,inland,yes,4,5326,yes
65,32414,0.02,7.6,south,yes,4,8798,no
26,64153,0.239,6,inland,no,0,5288,yes
30,41764,0.477,1.4,inland,yes,0,2913,yes
47,46112,0.3,5.4,coastal,yes,3,7784,yes
46,36336,0.17,10.2,inland,yes,3,9537,no
60,47691,0.347,7.3,south,no,4,5828,yes
60,29458,0.352,15.4,north,yes,4,3017,no
57,35052,0.125,6.2,coastal,no,2,6023,no
46,29851,0.106,9.5,inland,yes,0,1534,no
44,53898,0.02,8.6,south,yes,1,5840,yes
59,42639,0.077,9.4,south,no,2,1989,no
59,47641,0.225,8.9,south,yes,0,5056,yes
31,40149,0.383,0,south,yes,0,1492,yes
40,64833,0.754,2.6,north,no,2,312,yes
28,36327,0.25,8,north,no,4,5710,yes
40,55460,0.27,9.6,inland,yes,4,6949,yes
61,34845,0.138,0.6,north,yes,0,8157,no
67,38435,0.192,7.3,inland,yes,3,7723,no
52,58826,0.306,13.5,coastal,no,2,6326,no
59,45821,0.07,3.5,coastal,no,4,3824,yes
41,63333,0.02,9.2,coastal,no,4,1567,yes
44,59184,0.169,8.4,south,no,4,2238,yes
27,34026,0.13,5.3,inland,no,4,6546,no
58,47389,0.041,6.6,south,no,0,5364,yes
31,28268,0.585,2.7,inland,no,1,1275,no
60,48814,0.204,7.5,south,no,1,6817,yes
50,49935,0.14,8.5,coastal,yes,1,7061,yes
63,30041,0.451,4.2,coastal,no,0,3085,yes
45,67657,0.176,3.1,inland,yes,3,2973,yes
49,70006,0.381,9,inland,no,3,2299,yes
47,30305,0.291,6.4,inland,no,0,7695,no
65,27235,0.35,2.4,inland,no,0,6807,no
40,50377,0.27,2.5,south,no,1,2894,yes
33,,0.12,0,south,yes,1,7397,no
42,26410,0.193,7.7,inland,no,2,4029,no
43,27689,0.13,0,north,yes,5,2600,no
32,44572,0.02,3,north,no,3,7109,yes
27,,0.22,4.7,inland,no,2,5155,yes
61,26757,0.354,9.4,inland,no,5,4864,yes
46,40403,0.392,6.2,south,yes,4,4708,no
61,31019,0.317,9.7,north,yes,4,4851,no
31,31512,0.307,4.6,south,yes,4,1866,no
64,30920,0.092,9.1,coastal,yes,1,429,yes
46,55119,0.358,2.4,north,no,2,9118,yes
28,24799,0.398,2.3,north,yes,2,1613,yes
34,27201,0.609,9.3,inland,no,2,4635,yes
42,31110,0.322,10.7,south,no,4,3562,yes
29,39451,0.195,5.7,north,no,4,2811,yes
52,42112,0.121,3.4,south,no,5,9829,no
36,22585,0.242,1.3,coastal,no,3,9168,no
54,38755,0.5,7.5,south,no,4,3428,yes
40,33807,0.376,5.9,south,yes,0,4940,no
29,,0.057,8.1,inland,yes,5,2416,yes
65,45476,0.318,4.7,south,no,2,6884,yes
52,30525,0.287,4.6,coastal,no,5,7820,yes
62,27591,0.431,10.1,south,yes,0,5700,no
58,41509,0.57,0,north,no,1,3457,yes
53,,0.058,3.1,coastal,yes,2,5777,no
33,30779,0.585,13,north,yes,1,5033,yes
63,34489,0.02,0,inland,no,5,2698,yes
63,75406,0.487,11.6,inland,yes,0,3668,no
49,47466,0.43,0,inland,yes,5,8415,yes
41,23822,0.284,5.8,north,yes,2,1020,no
24,32873,0.102,0,south,no,4,7422,no
25,62116,0.145,1.9,inland,no,2,837,yes
39,66578,0.094,4.6,inland,yes,1,6082,yes
31,31630,0.084,8,south,yes,1,2667,no
48,32062,0.237,0.8,inland,no,5,2322,yes
52,34685,0.574,9.5,coastal,no,0,8746,no
27,30341,0.52,3.8,south,yes,5,118,yes
59,26217,0.156,9.6,coastal,no,1,2959,yes
27,44774,0.36,5,coastal,yes,2,7393,yes
60,40124,0.359,5.6,south,yes,5,8728,no
55,23502,0.377,0.1,coastal,yes,3,4517,no
55,47615,0.197,1.5,south,no,2,754,yes
24,62820,0.519,0.8,south,no,4,7821,no
63,46934,0.131,1.5,north,yes,1,7122,yes
48,78887,0.185,4.2,inland,yes,1,7410,yes
35,45218,0.143,0,north,no,5,2925,yes
34,34755,0.076,9.6,south,no,4,9344,yes
26,41097,0.222,6,inland,yes,0,7489,yes
52,23983,0.226,0.1,north,yes,3,5172,yes
38,47770,0.388,6.5,south,yes,1,2858,no
37,37478,0.127,0.2,south,yes,4,8847,no
63,41129,0.232,11.2,coastal,no,4,6708,no
32,55510,0.09,11.9,south,no,0,5812,yes
65,,0.383,0,south,yes,0,3345,no
63,39662,0.091,5.1,south,no,1,5269,no
62,50881,0.489,2.5,south,yes,5,7645,no
34,46005,0.313,4.7,coastal,no,3,493,yes
22,47356,0.337,2,coastal,no,0,4640,no
25,44641,0.462,5,south,yes,1,8902,yes
49,29139,0.02,10.2,inland,no,1,3520,yes
28,23992,0.26,4.5,south,no,4,768,yes
28,35726,0.463,5.2,coastal,no,4,2307,yes
60,33297,0.328,0.2,south,yes,2,9857,no
29,41254,0.235,5.7,coastal,no,0,2120,no
29,24990,0.386,5,inland,no,2,8694,yes
42,35986,0.091,4.6,coastal,no,3,2431,no
23,25056,0.442,3,south,no,3,5727,yes
43,38837,0.222,5,north,no,2,6826,yes
66,32736,0.25,7.3,inland,yes,5,6971,no
67,41566,0.452,9.9,north,no,3,411,no
56,36695,0.348,3.4,north,no,1,3931,no
31,34874,0.073,7.7,inland,yes,0,9117,no
27,28298,0.471,7,coastal,yes,2,1131,yes
31,24237,0.674,4.3,inland,yes,3,2051,yes
57,42831,0.205,17.1,inland,yes,3,2608,no
42,52490,0.309,11.7,south,no,5,1918,yes
36,40966,0.02,8.9,coastal,no,1,8441,no
56,75338,0.138,7.3,inland,yes,5,8991,yes
27,,0.355,7,coastal,yes,2,5883,yes
56,68367,0.147,9.2,coastal,no,3,2771,yes
64,47576,0.199,8.2,north,yes,5,1411,yes
27,46072,0.31,0.8,north,yes,1,6697,yes
24,36254,0.475,4,south,no,3,3931,yes
60,78984,0.533,1.2,coastal,yes,3,1268,no
23,69550,0.266,2,inland,no,5,5424,yes
38,30426,0.164,2.9,coastal,no,3,7216,no
45,48272,0.297,0.5,north,yes,5,3181,yes
55,41896,0.379,8.5,south,no,4,3601,yes
54,30719,0.333,4.3,inland,no,2,9830,no
29,35838,0.556,3.3,north,no,0,2241,yes
50,47712,0.457,9.6,north,yes,2,2778,no
29,22821,0.069,7.6,inland,no,5,5824,no
30,24873,0.609,9.9,north,yes,4,3033,no
37,24629,0.135,9,north,no,5,3920,no
41,40451,0.053,0.6,south,yes,1,2201,yes
24,24022,0.02,3.7,coastal,no,1,3459,yes
66,,0.405,8.9,south,yes,3,5927,yes
29,27966,0.344,7.9,coastal,yes,4,6756,no
63,31019,0.164,8.1,north,no,1,8808,no
24,50470,0.573,4,south,yes,3,1985,no
33,22785,0.222,12,north,no,2,9498,no
52,37553,0.02,5.1,south,no,0,9478,no
47,57695,0.304,4.7,south,yes,4,1159,no
42,36089,0.409,6.1,inland,no,3,4240,yes
24,31561,0.082,4,south,yes,0,3976,no
47,41562,0.209,11.2,coastal,yes,3,381,no
41,,0.466,13.3,north,no,4,8754,yes
50,75787,0.25,3,north,yes,4,9931,no
39,36741,0.257,0.2,north,no,5,47,no
49,27425,0.491,6.5,inland,no,0,6639,yes
60,31684,0.454,6.1,north,no,2,4467,yes
62,28149,0.075,3.2,north,no,1,667,no
24,27792,0.689,3,inland,yes,1,8036,no
29,34460,0.138,6.6,north,yes,4,6547,yes
36,32224,0.2,10,south,no,5,8284,yes
43,48934,0.02,2.6,north,no,3,225,yes
49,44117,0.257,5.6,inland,yes,5,7786,no
66,30048,0.358,5.8,north,yes,3,1937,no
29,27282,0.056,3.4,coastal,no,4,4822,yes
34,52495,0.216,5.4,coastal,yes,3,1356,yes
42,58374,0.477,1.8,inland,yes,1,5946,no
27,56387,0.489,7,coastal,no,5,7894,no
31,30755,0.232,0,inland,no,4,717,yes
53,34332,0.172,0.4,coastal,no,0,1418,no
35,26432,0.048,5.9,south,no,3,5315,yes
47,23637,0.439,5.5,north,no,2,4147,yes
58,26296,0.447,12.1,coastal,yes,4,4478,yes
50,55607,0.228,3.9,coastal,yes,3,8318,yes
49,32679,0.02,14.4,inland,no,5,2595,yes
44,29215,0.193,1.3,south,yes,3,2994,no
53,42586,0.02,0.7,inland,yes,3,8884,no
66,54462,0.417,0.2,south,no,2,2345,no
64,36094,0.02,10.8,coastal,no,4,3415,no
33,69261,0.327,4.2,inland,yes,1,8492,yes
55,58092,0.02,0.6,inland,no,5,6316,yes
63,29330,0.02,8.5,south,no,1,5976,no
43,39405,0.23,4.1,coastal,yes,2,3680,no
48,24899,0.307,1.8,coastal,no,1,693,yes
33,24486,0.222,3.9,south,no,3,2918,no
49,,0.177,0,south,yes,2,8975,no
24,55709,0.378,4,south,yes,1,6610,no
30,22877,0.185,10,south,yes,1,4368,yes
28,45145,0.187,3,inland,no,1,7858,yes
33,,0.196,12.4,coastal,no,2,5410,yes
55,35785,0.555,14.8,north,no,2,1188,no
28,50004,0.307,4.4,inland,no,3,9640,yes
28,24246,0.374,2.4,south,no,0,3360,no
61,49181,0.031,6.3,north,no,2,5962,yes
26,48896,0.339,6,north,yes,0,6168,yes
61,26790,0.191,1.7,inland,yes,4,7644,no
38,25306,0.181,4.7,north,no,4,918,no
43,38657,0.492,4.1,north,no,5,7124,yes
65,47132,0.29,1.9,south,yes,5,3287,yes
30,35566,0.161,7.4,coastal,no,5,4059,no
36,,0.052,5.6,coastal,no,2,9259,yes
24,46411,0.438,4,north,no,2,4665,yes
64,22990,0.299,10.7,south,yes,2,2811,no
56,51348,0.135,7.6,south,yes,0,3260,yes
37,24312,0.071,7.6,south,no,1,4923,no
48,25662,0.306,10,south,yes,4,417,yes
58,78635,0.33,1.1,north,no,5,8187,yes
39,24743,0.509,9.9,north,yes,2,4581,yes
42,98075,0.363,7.1,inland,yes,5,887,yes
48,65821,0.02,5.9,south,no,1,9207,yes
31,55046,0.656,3.3,inland,no,5,3185,no
60,54719,0.168,2.4,inland,no,2,4041,no
43,36045,0.26,0,south,no,2,6517,yes
45,42272,0.618,2.9,coastal,yes,5,9732,yes
44,53793,0.191,0.5,coastal,no,0,8854,yes
32,46744,0.432,3.1,south,yes,5,7615,no
26,25070,0.147,5,south,no,2,7825,no
57,27932,0.125,5.8,inland,yes,5,5942,no
33,24442,0.02,8.3,north,yes,1,2399,no
54,63605,0.091,4,south,no,5,4498,yes
64,50326,0.266,7.5,north,yes,3,8169,no
59,66087,0.135,4.9,coastal,no,3,6713,yes
23,45034,0.271,3,north,yes,2,4770,yes
53,27336,0.284,0,coastal,yes,4,4841,yes
41,39226,0.229,2,coastal,no,5,8386,no
58,25997,0.323,4.7,inland,no,2,645,no
65,29020,0.02,17.4,north,no,3,6906,yes
28,38084,0.406,5.5,south,yes,4,6264,yes
34,71799,0.414,6.4,south,yes,4,9278,no
48,61614,0.371,6.5,inland,no,5,7116,no
41,32562,0.32,8.5,inland,no,0,9670,yes
62,32148,0.471,14.9,coastal,no,1,1749,yes
28,33754,0.409,2.5,coastal,no,3,6799,no
63,32149,0.02,4.2,coastal,yes,5,3057,yes
53,23882,0.237,5.3,coastal,no,2,294,yes
55,31617,0.449,10.5,south,yes,0,6065,no
59,84830,0.541,9.9,south,yes,5,9861,yes
59,35882,0.464,7.4,north,no,0,6834,no
63,25612,0.14,6.2,coastal,yes,3,4480,no
57,27326,0.27,13.3,coastal,yes,3,1455,no
46,56875,0.196,6,inland,no,2,3032,yes
47,35385,0.207,0,south,yes,1,6662,no
62,56661,0.206,4.7,coastal,yes,0,5031,yes
28,50869,0.39,7.1,north,yes,1,4113,no
41,33443,0.184,9.8,coastal,yes,3,9185,no
53,73044,0.02,9,south,yes,5,3028,yes
26,51561,0.35,1.5,coastal,no,3,8337,yes
44,48264,0.221,1.1,inland,no,0,5110,yes
31,38288,0.319,9.6,inland,yes,1,5092,no
61,36972,0.459,5.8,north,no,0,9407,yes
44,26422,0.178,7.1,north,yes,2,8059,no
36,34225,0.478,2.6,coastal,yes,1,1988,yes
31,24058,0.308,6.6,south,no,1,2913,yes
62,31540,0.02,4.1,north,yes,0,348,no
36,35532,0.218,3.7,north,no,2,95,no
65,30150,0.353,10.8,coastal,no,1,3119,yes
65,56484,0.363,4.2,inland,no,5,8615,no
49,48106,0.378,4.4,south,no,3,207,yes
47,81277,0.487,7.1,north,no,4,4140,no
34,40589,0.02,3.2,north,no,0,891,no
43,32367,0.564,5.1,north,no,3,7560,yes
67,35889,0.413,5.3,south,yes,2,5609,no
25,,0.474,5,inland,no,3,7806,yes
54,36441,0.206,1.1,south,no,2,1730,yes
42,73701,0.229,0,south,yes,4,206,yes
32,22539,0.167,7.4,north,no,5,81,no
36,59386,0.485,5.6,coastal,no,1,4434,no
55,45013,0.683,2.9,north,yes,5,461,yes
27,44923,0.284,7,north,no,5,5122,no
42,35071,0.458,3.9,coastal,yes,2,7128,yes
36,22090,0.113,4.4,coastal,no,3,6082,no
31,52519,0.649,9,north,yes,5,882,no
22,,0.198,2,inland,yes,5,213,yes
30,24718,0.177,5.6,south,no,4,8981,no
54,,0.116,0,coastal,no,1,9733,yes
30,25048,0.25,1.1,north,yes,4,2672,yes
43,56792,0.287,4.6,south,yes,2,827,no
42,25637,0.443,0,south,no,5,8833,yes
26,37277,0.325,0,north,yes,3,5956,yes
30,24796,0.338,7.6,north,yes,5,9653,no
55,26853,0.233,11.4,south,no,2,8697,no
26,62796,0.381,3.3,coastal,no,0,2376,no
59,32094,0.283,6,south,no,0,679,no
59,38535,0.439,3,north,no,2,4546,yes
56,31242,0.576,1.2,coastal,yes,3,5541,no
32,25490,0.433,11.1,inland,no,0,4579,yes
50,27452,0.51,7.1,inland,no,0,8954,yes
63,25518,0.43,4.1,coastal,yes,2,1741,yes
47,57814,0.516,12.1,coastal,yes,0,7230,yes
22,24432,0.442,2,south,no,3,3873,yes
58,,0.345,2.2,inland,no,5,8177,yes
53,52675,0.02,0,south,no,3,7443,yes
37,33146,0.297,9.6,north,no,4,2847,no
44,77571,0.222,8,north,yes,3,4146,yes
58,34633,0.02,5.2,north,no,1,2979,yes
34,28730,0.289,0,north,yes,4,6758,yes
43,31008,0.401,3.1,north,no,1,6369,yes
34,70020,0.494,2.9,south,no,0,2958,no
41,27074,0.249,8.3,north,yes,1,8565,no
31,39488,0.158,7.1,north,no,0,4326,no
29,47855,0.258,8.1,south,yes,3,401,yes
47,48241,0.359,1.4,inland,yes,2,9997,yes
43,36296,0.02,6.1,north,no,0,4883,no
46,29394,0.036,0,coastal,yes,4,6331,yes
64,89429,0.028,8.8,north,no,4,301,yes
60,46533,0.07,4.3,south,yes,0,6182,yes
59,,0.235,5.6,north,no,1,1414,no
33,26239,0.216,2.4,coastal,yes,3,7194,no
42,25431,0.143,6.6,south,yes,5,5733,yes
35,30747,0.451,11.1,south,yes,5,1727,yes
32,57582,0.321,12,north,no,2,6192,yes
36,22527,0.167,4.7,south,no,1,3116,yes
47,37120,0.502,0,south,yes,2,8589,yes
53,30255,0.263,0.6,south,yes,0,8770,no
42,94888,0.246,4.4,inland,no,2,980,yes
31,27437,0.554,10.2,inland,no,1,6420,yes
65,49932,0.3,6,south,no,0,6048,yes
36,53397,0.02,9.1,coastal,no,1,4083,yes
53,42433,0.266,6.5,south,yes,2,1616,no
45,58023,0.108,4.5,coastal,yes,5,2136,yes
32,32575,0.165,9.8,coastal,yes,2,2111,no
25,47235,0.426,4.6,south,yes,0,4682,no
51,38545,0.707,10.5,inland,no,4,8041,yes
45,42113,0.346,13.7,south,no,3,3915,yes
67,34970,0.338,3,north,no,5,7927,yes
35,28587,0.144,15,south,yes,4,9423,no
40,24459,0.304,9.8,north,no,4,126,yes
36,28501,0.758,2.3,inland,yes,4,9392,yes
39,49638,0.457,12.2,south,yes,4,5044,yes
59,52828,0.276,2.2,south,no,1,2516,no
45,55285,0.478,9.1,coastal,no,5,6719,yes
26,57011,0.592,6,south,yes,2,9463,no
50,25930,0.34,9.8,north,yes,2,3689,no
41,56887,0.278,7.2,south,yes,1,2788,yes
41,52320,0.02,1.5,south,yes,2,5908,yes
44,79411,0.385,3.3,north,yes,2,9330,no
65,,0.403,4.1,north,yes,5,2455,yes
22,35335,0.077,2,south,yes,0,3517,no
64,27659,0.269,6.1,inland,no,4,5706,no
45,37625,0.149,0.3,coastal,no,2,3298,yes
34,49971,0.076,14,coastal,yes,3,3054,no
53,51204,0.507,9.5,north,no,3,7650,no
57,39985,0.02,16.2,north,yes,0,8298,no
37,41149,0.238,7.1,south,yes,2,1214,no
36,64910,0.491,7.8,coastal,no,3,3127,no
61,26460,0.423,5.5,north,yes,2,5133,yes
23,57589,0.36,3,inland,no,0,2502,yes
40,29893,0.064,9,south,yes,1,8498,yes
47,40628,0.158,0.4,inland,no,3,1978,no
44,25900,0.282,6.9,north,yes,5,8020,no
36,32740,0.248,8.5,coastal,yes,2,1827,yes
54,,0.382,10.2,inland,yes,4,5471,no
31,46505,0.177,3.6,south,no,2,6086,yes
59,65775,0.02,2.6,north,no,1,1563,yes
61,24936,0.256,1.6,south,yes,3,9642,yes
30,47929,0.128,8.8,north,yes,3,882,yes
65,30794,0.297,12.3,inland,no,3,9580,yes
33,40556,0.445,6,north,yes,2,5465,yes
47,50061,0.365,13.1,coastal,no,4,576,yes
65,60172,0.446,2.3,inland,yes,0,1370,no
31,38442,0.083,3.8,inland,yes,3,6856,no
56,39560,0.159,7.1,south,yes,5,1714,no
26,31214,0.158,6,south,no,1,5293,no
49,44846,0.356,6.2,coastal,yes,1,5293,no
59,52793,0.309,4.6,north,yes,1,7979,yes
50,25834,0.02,7.4,inland,yes,2,2432,no
65,77459,0.425,8.9,inland,no,0,1845,no
41,33538,0.348,8.1,south,yes,2,1948,no
58,31489,0.173,1.3,north,no,0,2309,no
46,28977,0.249,10.1,coastal,yes,0,1969,no
49,48686,0.02,11.3,coastal,no,5,3125,yes
26,29548,0.362,1.8,inland,yes,0,1855,no
48,41490,0.091,4.7,north,yes,3,3726,no
47,23669,0.151,0,north,no,0,1676,yes
63,30289,0.371,3.3,coastal,no,5,1079,yes
61,25282,0.425,0.9,coastal,yes,4,6251,no
23,57832,0.581,3,inland,yes,2,4367,no
65,41561,0.405,6.7,coastal,yes,1,4165,yes
64,32427,0.533,0.5,coastal,no,3,9915,yes
40,,0.128,7.7,coastal,yes,3,6470,yes
39,34897,0.341,0,south,no,4,955,yes
46,27053,0.487,2.6,inland,yes,4,7131,no
43,49360,0.467,8.5,north,no,4,6477,no
66,40618,0.21,7.7,north,yes,0,143,no
51,51615,0.233,4.5,inland,no,0,9235,no
58,44183,0.309,4.9,north,yes,1,2564,no
40,24408,0.027,0,south,yes,4,8628,yes
55,76025,0.129,3,north,yes,3,2164,yes
25,,0.211,1.8,inland,no,2,5109,yes
52,42707,0.579,2.5,coastal,no,3,7210,yes
32,27097,0.093,5.1,coastal,yes,4,8396,no
23,31666,0.225,3,coastal,yes,1,2359,no
23,42207,0.389,3,coastal,no,5,3971,yes
40,24270,0.083,3.6,north,no,5,1708,no
40,29409,0.123,11.2,inland,yes,2,6489,no
24,23894,0.38,4,inland,no,0,5060,no
45,28495,0.357,3.9,coastal,yes,5,4327,no
28,44284,0.387,3,inland,no,5,9749,yes
54,67459,0.483,2.8,coastal,no,1,7845,no
43,32684,0.091,5.1,north,yes,0,3833,yes
49,23653,0.309,2.7,inland,yes,5,290,no
49,76795,0.325,6.5,coastal,yes,0,8590,no
48,44012,0.468,3.9,north,no,4,7878,yes
25,23678,0.285,5,inland,yes,0,9570,no
48,38464,0.373,0.1,south,yes,0,9382,no
50,40416,0.213,9.1,north,no,3,8093,no
43,35040,0.127,2.4,coastal,no,1,9326,no
38,96218,0.471,5.1,south,no,4,7733,no
66,40044,0.393,6.7,coastal,no,2,4580,yes
32,43460,0.353,8.2,coastal,yes,4,7666,no
47,69395,0.45,8.7,south,no,2,5285,no
35,32908,0.355,4.2,inland,yes,4,4902,yes
58,49481,0.103,3.3,inland,no,2,7895,yes
28,29184,0.323,8,south,no,0,872,no
59,32681,0.034,4.4,south,no,3,6140,no
43,,0.611,10.2,north,yes,4,1246,no
62,32621,0.408,6.6,coastal,no,1,9200,yes
51,55474,0.289,14.1,coastal,yes,3,9841,no
46,66129,0.183,10.4,south,no,0,7422,yes
33,28620,0.223,8.7,inland,no,1,2641,no
32,59398,0.108,6.2,inland,no,3,6763,yes
54,35253,0.204,7.6,coastal,no,4,9818,no
56,31286,0.43,5.2,south,no,5,7598,yes
33,35506,0.38,6.3,coastal,yes,3,5015,no
44,54556,0.158,8.1,inland,no,5,1935,yes
47,30903,0.192,4.2,north,no,5,1107,yes
61,39064,0.366,9.9,north,no,1,451,no
55,31318,0.244,12.7,south,no,4,6747,yes
46,63648,0.119,13.4,inland,yes,2,1684,yes
34,42295,0.126,0,inland,yes,0,1506,no
54,76104,0.133,5.9,north,yes,3,8437,yes
27,56772,0.147,0,coastal,no,2,7176,yes
29,23803,0.127,0.6,north,yes,5,1481,yes
61,45291,0.355,6.8,north,yes,5,4312,yes
59,41148,0.406,5,coastal,no,5,6022,yes
48,49811,0.43,16.5,north,no,3,3917,no
25,40298,0.452,5,north,no,3,6537,yes
44,37181,0.536,5.4,coastal,yes,0,6740,no
49,22388,0.031,2.3,inland,yes,2,5779,no
32,23665,0.529,9.4,inland,no,1,3638,yes
49,46385,0.486,10.1,coastal,yes,1,2460,no
65,69576,0.105,4.8,south,yes,3,1334,yes
48,29758,0.388,1.3,coastal,yes,4,7477,yes
33,28182,0.227,10.1,north,yes,4,6329,yes
44,45113,0.429,8.6,coastal,no,2,3289,no
36,30276,0.464,9.1,north,no,3,944,yes
42,56675,0.523,11.1,north,no,2,1127,yes
54,47524,0.273,6.7,north,yes,4,6758,yes
50,45520,0.277,15.8,inland,yes,2,3343,no
43,36509,0.324,3.3,inland,yes,3,7323,yes
45,80001,0.226,7.7,coastal,no,0,4654,yes
37,72593,0.534,8.6,north,no,5,7902,no
60,33685,0.604,0,inland,no,1,8207,yes
51,51651,0.226,4.9,north,no,3,933,no
63,42672,0.387,0,north,yes,5,9704,yes
57,42262,0.048,0.1,coastal,yes,3,9449,no
59,46938,0.481,8.1,south,no,1,5768,no
50,56808,0.376,3.6,coastal,no,0,5475,yes
58,47110,0.085,3.1,inland,no,2,1913,no
27,53814,0.516,0,south,no,3,2790,no
26,35314,0.275,6,inland,no,1,3581,no
26,55657,0.755,5.7,inland,yes,2,915,no
52,,0.577,6.3,south,yes,0,8595,no
23,22063,0.423,1.5,north,no,4,9324,yes
50,46256,0.699,8.2,coastal,no,1,358,no
43,48044,0.445,4.8,inland,no,4,9265,no
55,40151,0.237,2.6,inland,yes,5,2214,no
33,51655,0.112,0,inland,yes,5,7870,yes
61,36061,0.269,2.9,coastal,no,4,1073,no
64,42016,0.504,9.6,south,yes,4,5684,yes
45,68751,0.392,4.8,inland,no,2,4920,no
23,28267,0.169,3,north,no,2,9667,yes
42,44171,0.389,3,coastal,yes,2,4130,yes
32,22687,0.02,3.8,north,yes,1,4900,no
28,35169,0.02,6.5,north,yes,0,5215,yes
28,46839,0.194,8,north,no,1,886,yes
41,33517,0.02,4.4,coastal,no,1,5875,no
26,93328,0.592,6,south,no,1,1712,no
33,45091,0.512,0.8,inland,no,5,4319,yes
63,54391,0.378,3.2,coastal,no,0,2630,yes
52,38513,0.662,7.1,inland,no,3,7078,yes
31,44346,0.385,6.5,south,yes,0,4694,no
46,50951,0.122,4,inland,yes,4,7134,no
54,56642,0.375,2,north,yes,1,6128,yes
38,48809,0.266,4,north,no,4,4415,yes
65,26550,0.137,5,inland,yes,2,8826,no
29,23455,0.151,5.9,north,no,3,4220,yes
31,23035,0.27,6,south,no,3,8836,no
54,40946,0.295,7.6,north,no,2,1977,no
47,33625,0.151,6.7,south,no,0,3093,no
56,34569,0.421,8.5,inland,yes,2,6715,yes
52,25177,0.526,0.2,inland,no,4,214,yes
24,83284,0.492,4,inland,yes,2,8006,yes
37,72400,0.183,7.7,inland,yes,2,7851,yes
59,30134,0.352,9,north,no,0,9612,no
60,25633,0.36,8.9,inland,no,1,5694,yes
45,33499,0.02,10.1,coastal,no,5,5030,no
50,51766,0.282,3.4,north,no,1,4710,yes
66,24056,0.42,2.5,inland,no,2,7581,no
38,63830,0.309,13.9,coastal,yes,1,8962,yes
65,23470,0.225,7,coastal,no,0,2719,yes
53,37400,0.277,5.9,south,no,2,8351,yes
34,63948,0.481,4.7,inland,yes,0,8728,no
67,57654,0.402,6.5,north,yes,5,575,yes
26,29900,0.089,4.4,north,no,0,2222,yes
33,74452,0.529,13,north,yes,5,1262,yes
59,59473,0.239,6.9,inland,yes,5,7746,yes
56,52116,0.255,2.4,inland,yes,4,9531,no
35,53549,0.381,6.4,inland,yes,0,7186,no
38,31755,0.498,2.7,south,no,4,4123,yes
42,56417,0.505,8.8,north,no,2,6826,no
34,51333,0.492,11.8,coastal,yes,0,8272,no
37,65209,0.02,2.2,south,no,3,4264,no
36,40832,0.208,10.3,north,yes,3,8347,no
62,57920,0.301,8.8,north,no,0,7268,yes
24,25787,0.169,4,inland,no,4,6999,yes
26,27191,0.246,0,north,no,2,9319,no
39,34604,0.299,7.5,coastal,yes,2,2618,yes
60,71518,0.118,2.4,south,yes,5,2884,yes
37,51043,0.251,3.1,coastal,no,0,8355,yes
34,57147,0.372,8,coastal,no,4,5841,yes
34,25717,0.158,3.4,north,no,4,9855,yes
31,76229,0.258,3.5,coastal,yes,2,89,yes
35,51415,0.28,7.6,north,yes,2,4772,yes
39,32929,0.354,9.9,inland,no,2,2662,no
59,64002,0.187,5.9,coastal,yes,3,9280,yes
39,57521,0.323,1.7,inland,yes,1,1482,yes
48,33751,0.084,0.9,inland,no,0,3138,yes
62,45306,0.663,2.8,inland,yes,0,9094,no
24,28386,0.494,4,north,no,0,8007,yes
46,61183,0.279,12.8,inland,no,2,2718,no
25,26879,0.146,5,north,yes,1,5586,no
63,26268,0.223,4.5,south,no,1,1530,no
63,49312,0.571,14.2,south,yes,2,1539,no
59,40614,0.234,10.6,coastal,no,3,8421,yes
29,73441,0.474,5.9,inland,yes,3,1082,no
62,33909,0.198,4.1,coastal,no,1,1914,no
39,48014,0.248,0,south,yes,4,4978,yes
36,38049,0.02,9.1,south,no,5,7419,yes
54,44012,0.158,3.1,coastal,yes,0,8046,no
50,55353,0.504,6.4,north,no,2,8536,yes
31,39285,0.259,6.5,north,no,1,7905,no
41,46304,0.126,10,south,yes,4,8721,yes
35,,0.157,5.1,inland,no,2,8322,yes
38,33981,0.428,6.9,coastal,no,4,4676,yes
64,46937,0.763,0,inland,no,2,8495,no
49,55788,0.411,2,coastal,no,0,7297,yes
63,40129,0.217,1.9,south,no,3,725,yes
62,23869,0.257,1.5,coastal,yes,5,984,yes
23,25871,0.263,3,north,no,5,5249,yes
46,68546,0.289,4.6,inland,no,1,7549,yes
50,47372,0.236,6.3,south,yes,3,9862,yes
33,51445,0.158,2.3,north,no,5,1528,yes
25,76740,0.186,5,inland,no,0,9333,yes
49,47912,0.02,5.3,coastal,no,2,4005,yes
37,71872,0.198,5.9,south,yes,4,2949,no
46,22705,0.176,0,inland,no,5,3425,yes
36,41201,0.393,9,inland,no,1,1653,yes
32,23918,0.328,4.7,south,yes,1,153,no
49,55497,0.258,10.9,coastal,yes,2,7290,yes
66,44428,0.296,5,coastal,no,5,935,yes
64,67458,0.184,7.5,north,yes,1,9535,yes
43,46606,0.195,10.4,south,no,4,2401,yes
49,35376,0.445,6.7,south,no,4,1074,no
42,32476,0.272,3,inland,no,2,4541,no
22,83788,0.198,2,inland,yes,3,4275,yes
60,77551,0.435,8.2,south,no,2,169,no
62,41818,0.404,4.3,inland,no,5,2537,yes
66,57395,0.127,6.7,coastal,yes,2,9689,yes
43,29202,0.408,3.4,south,yes,2,7729,no
61,39843,0.191,8.7,coastal,yes,2,7219,no
23,31420,0.294,3,north,no,5,2955,no
55,57362,0.02,11.1,north,no,4,3971,yes
48,26821,0.609,18.6,north,yes,4,9901,yes
32,31430,0.232,8.4,north,yes,5,7569,no
29,43279,0.399,9,coastal,no,0,4104,yes
50,27220,0.514,9.4,south,yes,5,9499,yes
56,23263,0.359,1.3,north,no,4,4616,yes
36,43723,0.433,0,inland,no,0,6592,no
45,48292,0.084,4.9,north,yes,4,4679,no
36,,0.245,4.9,coastal,yes,0,4711,no
34,29874,0.106,2.4,south,yes,4,9541,no
55,36379,0.536,5.8,south,no,1,3621,no
36,30184,0.416,6.4,north,no,2,4623,yes
32,32010,0.429,4.7,north,yes,3,7061,yes
46,39712,0.163,5.2,coastal,yes,4,9853,yes
32,40655,0.02,2.1,north,no,0,7965,no
26,47852,0.02,6,south,no,0,5850,yes
38,28129,0.29,10.8,north,no,5,9435,yes
46,29533,0.202,0,north,yes,3,3250,yes
58,30401,0.297,10.4,inland,yes,5,7503,yes
34,46087,0.115,7.4,coastal,no,1,6406,yes
50,67380,0.31,1.7,inland,no,1,9148,yes
46,49599,0.168,2.4,north,no,2,4318,yes
47,42609,0.13,6.8,coastal,no,4,5940,yes
48,33854,0.02,13.1,inland,no,0,3369,yes
26,33485,0.02,2.6,inland,no,3,8195,no
60,32243,0.033,2.2,inland,no,5,2275,yes
42,25715,0.643,11.6,south,no,3,460,no
45,39988,0.413,1.3,north,yes,5,5858,yes
41,65458,0.523,5.6,north,no,5,439,yes
40,31367,0.434,0,coastal,no,5,9074,yes
35,61351,0.352,8,south,yes,0,4610,no
22,32547,0.398,0.7,inland,no,3,6704,yes
50,43787,0.409,5.6,inland,yes,4,4229,yes
57,52451,0.22,5.7,inland,no,5,2636,yes
54,71970,0.47,0,inland,yes,1,20,no
47,59409,0.738,9.6,south,no,2,505,no
50,46032,0.261,0,south,yes,5,4216,yes
31,67116,0.586,9.6,coastal,no,0,1135,no
48,63718,0.333,5.2,inland,no,1,4841,no
62,52196,0.207,6.8,south,no,4,2954,yes
40,33621,0.359,12.8,coastal,no,5,5382,no
66,29285,0.353,0,inland,no,5,9399,no
43,29822,0.389,7.6,inland,no,3,7267,yes
46,32300,0.02,5.6,north,yes,1,2271,no
33,36142,0.386,6.5,north,yes,3,7019,no
43,33910,0.145,5.9,south,no,3,1362,no
32,34322,0.205,5.9,north,no,3,7702,yes
64,44427,0.336,0,south,no,3,2643,yes
38,62920,0.705,5.7,inland,yes,3,284,no
53,36503,0.214,5.9,north,no,4,9196,no
49,83828,0.083,6.5,coastal,no,3,7473,yes
30,35128,0.141,0.8,south,no,4,4902,no
57,35841,0.209,3.1,inland,yes,0,5590,no
67,29430,0.463,5.9,south,yes,3,3407,yes
57,53833,0.32,5.2,south,no,4,3015,yes
47,41648,0.287,8.6,inland,yes,5,9441,yes
22,23568,0.312,2,north,no,2,9729,no
26,46873,0.37,2.4,south,yes,0,1660,no
43,37577,0.35,13.4,inland,no,5,4954,yes
60,23682,0.467,5.1,coastal,no,4,9220,no
59,45692,0.357,9.8,north,no,4,2209,yes
33,83834,0.188,8.1,coastal,no,4,723,yes
30,45577,0.424,10,south,no,5,1294,yes
23,,0.416,3,south,no,1,9787,no
47,33881,0.401,12.3,inland,yes,0,6569,yes
24,55387,0.202,4,inland,no,1,4535,no
60,59397,0.249,3.2,south,no,4,3725,yes
50,22120,0.254,9.2,south,yes,2,4963,no
33,83976,0.261,11.7,inland,no,0,5207,yes
50,37017,0.494,5.4,south,no,1,1908,yes
32,37328,0.386,12,north,yes,0,8729,yes
31,31059,0.498,7.1,coastal,yes,2,9182,yes
44,33757,0.043,5.9,south,no,0,8287,no
53,76990,0.202,13.2,inland,yes,1,8713,no
61,47705,0.271,9.5,north,yes,3,1067,yes
32,24885,0.474,12,south,no,4,9629,yes
51,24939,0.02,8.8,north,yes,5,3556,no
36,28571,0.062,6.9,north,yes,4,8997,no
65,26470,0.552,0,north,no,3,4107,yes
30,43588,0.375,8.7,south,no,0,8586,no
60,29766,0.116,11.1,inland,no,5,2184,no
62,56510,0.313,1.4,coastal,yes,1,4903,yes
26,64692,0.228,4.1,inland,no,3,6234,yes
38,30023,0.275,0.3,inland,no,2,996,no
62,66375,0.396,16.6,south,no,5,9316,no
31,23294,0.125,3.9,inland,no,3,5825,yes
33,32255,0.715,6.2,coastal,yes,2,2051,no
32,45243,0.02,4.5,coastal,no,5,266,yes
41,25213,0.388,5.7,coastal,yes,5,967,no
66,44621,0.02,5.8,north,yes,3,6254,no
34,32945,0.408,10.3,south,no,3,3523,yes
36,46471,0.18,4.8,inland,no,4,21,yes
52,37656,0.298,9.5,inland,no,5,4857,yes
61,33140,0.388,11.3,inland,yes,3,1415,yes
40,23394,0.343,0,coastal,yes,1,2145,no
66,56474,0.43,4.4,north,no,1,8232,yes
35,58570,0.348,9.1,south,yes,2,3452,yes
33,,0.462,11.3,inland,no,1,6952,yes
46,54065,0.35,9,north,yes,3,1442,yes
39,38269,0.117,1.1,north,no,2,7071,yes
41,28951,0.219,8.4,inland,no,1,2708,yes
62,56878,0.11,9.1,inland,no,2,7817,no
30,58851,0.188,6.4,north,yes,4,2155,no
65,64713,0.02,5.6,inland,no,4,3630,yes
32,26026,0.48,7.2,south,no,1,2345,yes
66,53758,0.148,9,coastal,yes,0,1697,no
52,31028,0.215,8.5,coastal,no,0,77,no
57,,0.02,3,coastal,no,2,7045,no
39,32395,0.293,14.2,north,no,4,4716,no
31,47423,0.604,0.4,inland,no,2,241,yes
40,25212,0.267,5.9,coastal,yes,3,6804,no
67,43149,0.395,2.6,coastal,yes,5,5206,no
45,57246,0.334,5.7,inland,no,2,9763,yes
28,40360,0.442,8,coastal,yes,1,936,no
37,46311,0.21,1.6,coastal,yes,2,6661,yes
36,40251,0.325,7.8,coastal,no,1,4742,no
57,27244,0.287,5,coastal,yes,3,9854,no
26,30179,0.301,6,inland,no,5,2788,no
46,45279,0.342,3.7,south,no,2,1472,yes
35,,0.375,10.5,north,no,3,6790,yes
35,29113,0.352,1.3,inland,no,2,2835,yes
64,35213,0.264,6.6,north,no,5,1914,yes
40,22566,0.156,3.3,south,yes,2,5626,no
25,53690,0.021,5,north,no,4,8134,yes
28,47765,0.02,4.9,coastal,yes,2,6300,yes
49,36619,0.338,2.4,north,no,2,4281,no
34,23454,0.279,6,south,yes,0,5384,no
37,23004,0.133,5.7,south,no,0,7138,no
60,24522,0.02,3.3,south,no,1,9831,no
64,,0.383,4.2,inland,yes,2,7555,no
45,22582,0.153,0,north,no,1,2855,yes
28,45148,0.577,4.4,south,no,3,4019,no
39,60167,0.282,5.4,north,no,2,5183,yes
44,40394,0.376,6.9,coastal,no,4,1710,no
28,30625,0.272,7.5,north,no,2,6494,yes
47,30608,0.327,14.9,north,yes,0,6708,no
56,83139,0.449,6.4,south,yes,1,5336,yes
61,42635,0.297,7.9,north,yes,0,8412,no
46,23205,0.356,6,north,yes,0,586,no
54,,0.337,7.3,south,yes,0,154,no
47,79348,0.342,13.2,north,no,5,2524,yes
44,23100,0.159,10.5,coastal,yes,4,5779,no
52,37066,0.152,3.5,south,yes,0,8447,no
46,60165,0.063,0,north,no,1,3367,yes
62,47947,0.095,6.1,coastal,yes,3,1560,no
33,29961,0.401,6.3,inland,yes,1,2053,yes
26,39128,0.64,2.1,coastal,no,3,689,yes
31,45445,0.02,4.8,north,no,4,2237,yes
65,40201,0.331,4.2,north,no,1,1424,yes
42,36902,0.052,9.2,north,yes,5,5344,yes
48,32689,0.347,3.6,coastal,no,0,7688,yes
33,82426,0.02,7,coastal,no,5,1640,yes
45,38007,0.16,16.3,inland,no,0,100,yes
31,38592,0.142,5.7,south,no,5,6287,yes
51,35117,0.057,8.6,coastal,no,4,8779,no
42,49791,0.17,18.3,coastal,yes,5,3739,yes
42,69927,0.206,4.3,north,no,4,8803,yes
53,23249,0.282,8.8,north,no,1,6673,yes
63,41702,0.572,2,inland,yes,1,5502,no
31,26334,0.298,5.1,inland,no,1,7646,no
46,45011,0.241,2.5,south,yes,2,684,yes
48,26753,0.449,5.3,north,no,0,5552,yes
62,36410,0.457,4.6,north,no,5,2722,yes
56,60263,0.343,10.1,inland,no,4,1560,yes
44,40888,0.477,13.6,north,yes,1,1161,yes
31,43013,0.241,7.4,north,yes,1,8029,no
34,36557,0.277,6.1,inland,yes,4,2345,no
56,52184,0.459,2.9,coastal,no,4,6428,yes
38,49364,0.08,5.6,inland,no,2,1461,yes
29,56723,0.474,9,north,no,0,2463,no
32,66124,0.557,5.5,coastal,no,1,4054,no
25,43148,0.552,5,coastal,no,3,227,yes
53,76532,0.089,5.4,coastal,yes,2,9400,yes
53,81466,0.438,7.7,coastal,yes,1,3499,no
54,41155,0.551,1.3,coastal,no,2,4233,yes
54,55187,0.198,2.1,coastal,yes,4,1107,yes
43,70651,0.423,7.9,inland,yes,3,9591,yes
44,59277,0.02,0,inland,no,5,7304,yes
45,51372,0.283,3.8,south,yes,2,2667,no
48,37889,0.428,7.9,coastal,yes,2,7515,yes
36,25097,0.425,12.4,coastal,yes,3,9555,yes
27,69594,0.318,7,south,no,1,4550,yes
33,56439,0.368,7.3,inland,no,4,2655,yes
45,53871,0.349,12.1,coastal,no,3,1142,yes
49,29344,0.295,4.1,north,no,2,2817,yes
58,34804,0.357,2.8,south,no,1,1720,no
25,27141,0.521,5,inland,no,5,9403,yes
65,32861,0.478,7.8,inland,yes,3,7454,no
35,37179,0.408,4,coastal,yes,1,6084,no
59,,0.44,3.5,north,no,0,1223,no
50,27230,0.168,8.6,inland,no,3,5777,no
23,60858,0.269,1.4,south,no,4,7692,yes
32,37055,0.408,4.3,south,yes,4,6020,yes
31,49137,0.444,5.6,inland,yes,4,1504,yes
46,24751,0.652,7.7,coastal,yes,0,5597,yes
41,35367,0.138,2.1,south,yes,0,7107,no
28,26392,0.063,3.4,inland,yes,1,5773,no
55,41969,0.398,8.2,inland,no,1,3748,yes
49,72616,0.02,1.8,north,no,0,126,yes
36,74705,0.392,3.7,south,no,2,3311,no
24,37047,0.362,4,inland,yes,0,6004,no
62,43421,0.13,9.5,coastal,yes,2,1607,yes
32,59381,0.31,9,north,yes,0,649,yes
34,43575,0.299,12.3,inland,no,4,4013,no
30,41270,0.541,4.3,coastal,no,2,9485,yes
55,53839,0.354,2.6,south,yes,5,9233,no
45,23970,0.553,6.9,coastal,no,0,6081,yes
34,32232,0.331,3.8,inland,no,4,3234,yes
62,27747,0.311,7.4,south,no,4,8841,no
65,,0.47,0,north,yes,2,1928,yes
43,44378,0.708,6.3,south,no,1,1683,yes
65,47373,0.184,0,inland,no,2,7455,yes
52,23435,0.431,9.6,north,no,5,8323,yes
52,50700,0.388,0,north,yes,1,5426,yes
59,28885,0.176,8.3,coastal,no,3,5117,yes
52,35146,0.453,10.3,inland,no,5,9613,yes
65,34502,0.545,9.5,south,yes,4,5084,no
25,33793,0.269,5,south,no,0,7317,no
53,44852,0.199,2,inland,yes,3,5800,no
40,,0.503,5.8,north,no,2,8248,yes
55,36303,0.178,12.2,south,no,1,5434,no
35,55544,0.02,10.7,inland,no,1,1710,yes
54,,0.665,0,north,no,5,5861,yes
51,58396,0.05,15.2,coastal,yes,3,8188,no
58,36505,0.382,14.4,inland,yes,5,1205,yes
32,56281,0.431,9.4,south,no,2,7924,no
45,23332,0.411,17.7,south,no,1,6722,no
66,38974,0.524,9.3,south,no,3,4332,yes
23,42657,0.088,3,north,yes,3,1759,no
24,43710,0.024,4,south,no,5,3490,no
62,42561,0.166,8,south,no,3,5406,no
23,45835,0.166,1.9,south,no,3,4517,yes
51,24778,0.434,3.8,south,no,1,2052,yes
53,44604,0.161,5.2,north,no,5,7845,no
32,53576,0.46,4.2,north,no,3,7914,yes
35,27774,0.02,0.4,coastal,no,5,7503,no
35,32329,0.148,7.5,coastal,no,3,6407,no
45,30257,0.31,2.7,coastal,yes,1,6799,no
48,27295,0.02,8.5,inland,no,2,4231,yes
28,41087,0.277,0.2,south,yes,2,4183,no
47,,0.172,4.2,inland,no,5,5992,no
27,43319,0.02,4,south,yes,2,85,no
60,22489,0.134,11.2,inland,yes,4,4656,no
62,60255,0.542,6.3,coastal,no,3,9092,yes
61,57283,0.02,5.9,north,yes,5,7951,yes
53,34046,0.089,3.9,north,yes,4,2834,no
37,42190,0.119,4.1,inland,yes,0,8216,yes
34,48866,0.02,4.6,south,yes,5,8540,no
41,31981,0.121,3.1,north,no,5,4678,yes
40,40325,0.334,7.6,north,yes,1,9066,no
53,48703,0.02,7.4,inland,yes,4,8148,no
56,38582,0.456,6.8,south,yes,5,1594,yes
30,54929,0.286,6.2,inland,no,3,4822,yes
24,41999,0.02,1,coastal,yes,3,6653,no
54,46566,0.24,4.6,inland,no,2,9473,no
45,23605,0.498,9.4,coastal,no,1,3109,yes
49,89730,0.263,6.5,coastal,no,4,1458,yes
52,39497,0.536,4.2,inland,yes,1,7809,yes
25,23624,0.286,5,coastal,yes,5,8524,no
24,48732,0.03,4,north,yes,0,565,yes
42,80267,0.23,7.7,south,yes,1,4267,yes
39,63092,0.477,9.4,south,yes,4,6154,no
56,27615,0.465,0,inland,yes,4,6072,yes
38,54856,0.322,2.5,north,no,5,8401,yes
38,34492,0.273,7.2,south,yes,3,4476,no
42,51117,0.368,1.4,coastal,no,2,8547,no
43,28658,0.282,3.6,coastal,no,3,3859,yes
54,66469,0.17,6.5,coastal,no,2,5727,no
44,40908,0.02,3.9,coastal,yes,5,826,no
51,,0.285,8,inland,no,1,562,no
30,47747,0.18,7.5,inland,no,2,125,yes
57,39095,0.169,11.6,north,no,3,3997,no
54,26323,0.074,4.3,coastal,no,4,2710,no
39,38077,0.164,10.8,inland,no,5,1208,yes
53,,0.031,10.9,south,no,4,6682,no
39,42770,0.058,4.8,coastal,no,2,3218,no
43,39286,0.134,6.2,coastal,no,1,862,no
39,33140,0.169,7,north,no,0,9304,no
39,37821,0.404,9.7,north,yes,5,8748,yes
24,30342,0.395,4,north,no,3,7264,yes
55,54120,0.458,1.5,coastal,no,1,6651,yes
57,28407,0.546,6.5,south,no,4,8901,yes
22,24426,0.061,2,inland,no,0,5006,no
53,23340,0.232,8.1,inland,yes,5,8821,no
44,80729,0.075,9,south,no,1,3604,yes
59,33264,0.02,2.9,south,no,4,2723,no
35,60934,0.369,0.3,inland,no,1,6886,yes
50,46286,0.373,8.6,north,no,4,7979,yes
53,24678,0.205,15.1,north,yes,4,1736,yes
36,44661,0.209,4.7,south,no,3,482,no
41,44939,0.119,4.7,south,yes,5,3174,no
31,75096,0.427,11,north,no,2,5669,yes
24,65258,0.024,1.2,south,yes,5,2763,yes
43,60507,0.175,7.9,inland,no,3,9342,yes
36,47472,0.533,5.4,north,no,3,7305,no
31,34415,0.289,8.2,coastal,no,5,7277,yes
26,47072,0.079,3.7,north,no,2,9040,yes
53,33791,0.02,0,inland,yes,2,7592,no
48,76460,0.132,8.4,inland,no,1,5620,yes
49,29158,0.12,7.7,south,yes,4,1479,no
24,36365,0.774,4,south,yes,4,426,yes
27,29570,0.122,7,inland,yes,0,2082,no
31,56561,0.202,3,inland,yes,0,1722,no
36,35451,0.294,1.6,north,yes,0,4240,no
41,48843,0.362,2.1,north,no,5,5187,yes
47,22985,0.02,2.9,inland,yes,1,5716,yes
56,33615,0.041,2.1,south,yes,0,6835,no
34,36446,0.316,9.7,north,no,3,82,no
43,40134,0.044,3.4,coastal,no,2,4849,no
60,75857,0.369,7.6,north,yes,5,6831,yes
60,40520,0.311,10.2,south,yes,2,3315,yes
25,79581,0.315,5,south,no,1,7551,yes
61,46540,0.583,6.4,coastal,no,0,2076,no
36,33392,0.066,9.9,south,yes,1,4232,yes
40,43906,0.188,1.3,inland,yes,4,352,yes
40,40116,0.042,3.4,north,no,4,3307,yes
45,47212,0.225,8.6,north,yes,4,3372,yes
55,65890,0.322,14.9,north,yes,0,1229,yes
52,46223,0.504,7.1,south,no,4,9284,no
66,32031,0.349,2.9,coastal,no,3,7839,no
23,47585,0.422,2.2,coastal,yes,1,9197,no
33,42753,0.303,3,coastal,yes,1,5115,no
29,88926,0.29,2.3,coastal,yes,2,1037,no
51,31687,0.196,3,coastal,no,0,2318,no
28,50913,0.301,8,south,yes,1,9660,yes
52,41280,0.515,1.1,coastal,yes,1,7821,yes
38,44215,0.264,14.4,north,no,2,265,yes
40,44686,0.479,4.9,inland,yes,2,1561,yes
53,41442,0.02,4.3,inland,no,4,6752,yes
48,34828,0.562,6.3,south,yes,2,9818,yes
33,67630,0.658,10.6,south,yes,5,1246,no
44,,0.461,0.9,coastal,no,0,8454,yes
65,48220,0.391,12.7,coastal,no,2,1478,no
49,60436,0.535,8.2,south,no,2,6332,yes
38,25018,0.063,3.1,north,no,5,6518,yes
50,40570,0.492,8.3,coastal,no,5,1097,yes
49,43309,0.02,4.5,north,yes,2,9511,no
23,62213,0.815,3,south,no,1,7910,no
49,59776,0.325,2.1,south,yes,2,2253,no
24,50347,0.11,4,coastal,yes,1,839,yes
56,25777,0.2,2.7,south,no,3,6471,no
56,29146,0.366,7.6,coastal,yes,3,2797,no
63,30086,0.143,5.1,inland,no,5,8758,no
49,52224,0.241,8.7,inland,no,1,2073,yes
64,64238,0.514,5.4,north,no,5,8903,yes
47,59084,0.132,2.7,south,yes,2,7381,yes
25,53361,0.127,2.1,coastal,no,1,5239,yes
54,37217,0.475,9.8,coastal,no,0,3531,yes
33,26240,0.164,3.6,south,no,5,3947,yes
39,22709,0.537,0.8,inland,yes,5,7596,yes
34,24506,0.432,3.3,inland,yes,0,8758,yes
45,52852,0.509,11.2,north,yes,0,3112,no
34,62941,0.369,3.4,south,yes,5,9433,yes
27,57821,0.068,5.6,north,no,1,2777,yes
28,39451,0.185,8,inland,yes,5,5917,no
40,22022,0.207,2.8,south,yes,3,8960,yes
33,22688,0.313,9.1,south,no,3,369,no
45,55078,0.375,4.8,coastal,no,2,6774,yes
60,27404,0.073,8,south,no,3,8476,yes
31,23529,0.02,6.4,inland,yes,2,1114,yes
49,43265,0.667,2,inland,no,3,7554,no
34,41323,0.274,2.4,inland,no,0,3994,yes
33,62022,0.186,10,inland,yes,4,1732,yes
49,43254,0.188,10.2,coastal,no,2,3515,no
40,62051,0.134,3.6,south,yes,1,1258,yes
58,110155,0.02,7.4,north,no,5,4000,yes
56,60619,0.052,9.7,inland,no,1,3595,yes
46,76220,0.241,5.4,coastal,yes,1,9394,yes
65,49432,0.423,8,inland,yes,0,7437,no
33,46297,0.409,10.4,coastal,no,5,7516,yes
65,48219,0.375,1.1,south,yes,1,7413,yes
42,55105,0.249,3.4,south,yes,3,2831,yes
48,39100,0.207,9.7,north,no,1,3768,no
49,22143,0.35,0.1,inland,no,3,6698,no
39,28243,0.122,3.1,inland,yes,1,8987,yes
52,28622,0.444,4,north,no,5,2261,yes
25,58893,0.147,3.9,inland,no,5,269,yes
55,33158,0.306,8.6,coastal,yes,0,128,no
61,84047,0.248,6.4,south,no,5,4182,yes
30,22162,0.509,6,inland,yes,5,3839,yes
58,29379,0.468,5.2,north,no,5,3616,no
51,43428,0.345,1.7,south,no,4,4111,yes
24,28099,0.278,4,north,no,0,3405,yes
57,35955,0.545,14.1,south,no,3,4660,yes
49,56016,0.165,0,inland,no,2,3541,yes
47,44406,0.02,7.1,north,no,3,1382,no
66,46240,0.33,10.9,coastal,yes,0,5750,yes
45,23278,0.305,4.7,coastal,yes,5,362,no
37,29917,0.059,0.8,south,yes,2,9223,no
23,70160,0.209,1.6,coastal,yes,1,3734,yes
29,45338,0.604,1,inland,no,5,4809,yes
57,41000,0.415,8.3,south,no,4,2981,yes
42,26836,0.798,3.6,north,no,3,2471,no
31,43329,0.312,8.6,north,no,4,1211,no
22,63330,0.402,0.8,coastal,no,4,5318,yes
66,32792,0.12,3.7,coastal,no,5,1366,yes
57,44582,0.355,5.7,south,no,0,6100,no
35,36845,0.445,6.5,south,yes,1,7796,yes
39,,0.112,4.8,inland,no,3,6535,no
32,,0.101,7.2,north,yes,5,4379,yes
34,51755,0.238,10.6,coastal,yes,2,3175,yes
52,59526,0.441,11.8,coastal,yes,1,1886,no
51,36677,0.198,3.1,south,no,4,7792,no
66,27540,0.176,7.7,north,yes,4,8438,no
54,31969,0.14,9.3,south,yes,5,619,no
31,47771,0.271,0,north,no,4,4649,yes
33,47204,0.378,2.1,north,yes,1,3077,yes
25,75619,0.052,3.7,coastal,no,2,5235,no
49,39021,0.02,3.3,south,no,5,5729,no
48,44268,0.758,11,south,yes,2,6638,no
25,45650,0.182,5,inland,yes,5,644,yes
41,38812,0.149,6.2,north,yes,2,8105,no
23,34950,0.276,3,inland,yes,3,2103,no
31,28630,0.374,11,south,no,5,7292,yes
36,47914,0.39,3.2,south,no,5,7259,yes
65,30923,0.39,10.9,north,no,3,6044,yes
65,60801,0.02,13.4,coastal,yes,5,1171,yes
32,32630,0.133,12,inland,no,2,8666,no
47,30774,0.202,2.4,north,no,5,7672,yes
46,40307,0.321,6.9,inland,yes,2,7243,no
24,30196,0.455,4,north,no,5,7717,yes
52,72677,0.226,0.2,inland,no,1,5787,yes
35,29865,0.353,8.4,south,no,5,8079,yes
28,47194,0.223,0,north,yes,5,4579,yes
35,48794,0.608,9.5,coastal,no,5,9383,no
41,40673,0.143,4.6,south,no,1,8369,no
58,53266,0.438,8,south,yes,5,9497,no
49,48496,0.424,4.6,south,no,3,3571,yes
27,63108,0.305,7,south,no,5,1793,no
30,24716,0.299,3.1,south,no,5,1234,no
60,25613,0.02,7,south,yes,5,7517,yes
43,43617,0.137,3.6,coastal,no,1,6774,no
33,84710,0.533,11.5,coastal,yes,3,7257,no
52,51983,0.084,10,inland,no,0,3394,yes
48,41886,0.207,6.9,south,no,3,2408,no
50,25720,0.401,6.2,south,no,0,504,yes
61,36463,0.258,8,coastal,yes,1,2984,no
26,50176,0.326,6,coastal,no,1,9090,yes
23,45960,0.02,3,north,no,1,1600,yes
38,33996,0.234,5.4,coastal,no,5,7729,yes
52,70383,0.469,10.7,north,yes,2,1369,no
32,54295,0.053,12,north,no,0,8578,no
28,31872,0.379,8,south,no,2,5700,no
26,53427,0.02,5.3,inland,yes,5,6764,yes
51,45141,0.276,5.2,south,no,0,3005,yes
61,28093,0.196,7.2,coastal,no,3,1328,no
60,91735,0.453,10.6,coastal,no,1,4852,yes
45,65600,0.265,7.2,south,no,0,8805,yes
37,32300,0.044,6.6,inland,no,4,7471,no
65,33545,0.467,5.4,north,no,0,1394,yes
37,46706,0.649,9.4,inland,no,3,1523,yes
51,51738,0.155,10.8,inland,no,5,6628,yes
34,67560,0.198,10.8,north,yes,4,6200,yes
61,33378,0.368,7.1,south,yes,1,8683,no
58,26194,0.02,7.6,inland,yes,1,6984,no
35,48107,0.131,2.2,inland,yes,0,8480,no
44,45465,0.064,2.7,north,yes,1,1475,yes
61,40552,0.09,0,south,no,2,9719,yes
54,28510,0.02,10.8,inland,no,4,4179,no
39,33534,0.385,7.1,south,no,5,8646,yes
38,,0.535,14,inland,no,2,3185,yes
31,85215,0.287,3.9,north,yes,0,9223,yes
40,44216,0.538,2.8,inland,no,5,306,yes
65,27727,0.473,8.8,inland,no,0,748,yes
40,38709,0.345,10.5,north,yes,1,4559,no
59,50191,0.168,4.5,inland,yes,0,4617,yes
42,36345,0.097,9.3,coastal,no,2,7667,yes
46,28501,0.399,5.1,north,no,1,8463,yes
29,25812,0.6,4.7,coastal,no,3,3166,yes
36,28677,0.404,9.1,inland,no,2,3812,yes
44,,0.02,4,coastal,yes,2,3245,no
32,24619,0.425,10.3,south,no,3,7577,yes
35,25244,0.547,6.8,south,no,0,7653,yes
36,33263,0.02,5,north,yes,1,6564,no
37,22866,0.297,8.5,coastal,yes,3,3474,no
49,58392,0.141,7.5,north,yes,5,5823,yes
66,53815,0.2,0.8,coastal,yes,1,4020,yes
58,,0.409,5.2,south,no,4,4647,yes
47,54476,0.243,0.8,inland,no,4,1774,yes
25,24684,0.322,5,coastal,no,3,9600,yes
67,48026,0.717,12.5,coastal,no,2,8283,no
27,51350,0.265,5.2,coastal,yes,0,276,no
54,67987,0.396,6.8,coastal,no,0,2043,yes
59,28758,0.389,0,south,no,1,7751,yes
35,62144,0.281,8.3,north,no,1,7357,yes
38,76578,0.24,6,south,yes,3,4766,yes
31,42029,0.188,5.6,north,yes,2,5121,no
53,46478,0.408,10.6,coastal,yes,5,7507,yes
31,32349,0.213,4.1,coastal,yes,0,7247,no
30,46378,0.371,7,north,yes,0,3536,yes
42,47051,0.667,4.3,north,no,2,5150,no
62,42017,0.363,11.4,south,no,4,858,yes
36,28410,0.192,7.7,north,no,4,8214,no
31,54642,0.201,8.3,north,no,5,2757,yes
66,70388,0.459,7.5,inland,no,0,1064,no
45,48266,0.626,5.6,coastal,no,2,4922,no
63,80853,0.302,5.3,coastal,yes,1,5828,yes
65,47602,0.12,0,coastal,yes,4,8388,yes
40,70911,0.227,10,north,yes,2,4788,no
59,48097,0.197,6.1,north,no,3,3730,yes
56,26405,0.157,1,coastal,yes,3,7323,yes
65,37309,0.214,7.7,inland,no,5,3956,yes
55,43749,0.133,4.1,south,no,4,3461,no
52,41435,0.16,4.7,south,yes,5,3223,yes
60,48726,0.457,3.9,coastal,yes,3,9434,yes
67,24795,0.281,9.4,inland,yes,0,9278,no
39,80762,0.418,8.4,coastal,yes,1,3691,yes
63,54031,0.406,7,inland,no,5,2307,no
62,58423,0.392,10.7,inland,no,0,4981,no
24,42682,0.028,4,south,no,5,8719,yes
43,41495,0.178,3,south,yes,4,1055,no
25,34806,0.233,4.6,coastal,no,3,8843,no
49,53418,0.187,6.1,south,no,5,9729,yes
38,,0.416,5.1,inland,no,0,8358,no
31,27120,0.497,11,south,no,4,1460,yes
23,30756,0.314,3,coastal,yes,3,7737,no
31,48407,0.383,1.9,south,yes,3,1406,yes
64,28057,0.401,13.9,south,no,0,3206,no
37,59958,0.124,11.6,coastal,yes,2,6875,yes
32,31280,0.27,4,coastal,no,1,2592,yes
24,56560,0.522,4,coastal,no,5,4243,no
27,30570,0.02,5.7,north,yes,1,3384,no
35,31564,0.338,3.4,north,no,1,8054,no
34,39473,0.335,8.1,south,no,5,2733,yes
51,61249,0.254,9.2,north,no,4,1930,no
45,31001,0.332,4,south,no,2,7571,no
49,34337,0.33,7.7,north,yes,2,1919,yes
40,48941,0.433,6.2,inland,no,4,3236,no
61,69019,0.542,8.4,inland,no,5,809,no
24,68926,0.02,4,inland,no,5,7989,yes
42,43627,0.068,0,coastal,no,2,9641,no
23,25337,0.195,2.3,north,yes,0,7501,no
45,54437,0.108,2.2,coastal,no,0,6494,yes
23,61798,0.287,2.3,south,no,0,1982,yes
40,28183,0.134,6.5,coastal,yes,2,102,no
33,31597,0.42,0,coastal,yes,4,7795,yes
52,66327,0.067,8.7,north,no,0,2670,yes
63,30651,0.02,6,south,yes,3,5037,no
59,26943,0.255,4.2,inland,yes,2,7924,no
49,65024,0.041,4,north,no,5,8593,yes
67,59747,0.306,4.7,inland,yes,5,1743,yes
27,35844,0.245,5,north,no,3,3519,yes
29,60312,0.355,9,south,yes,1,7919,yes
34,33036,0.044,14,north,yes,5,2985,no
34,27578,0.281,9.5,coastal,no,5,8344,no
42,33681,0.292,11.8,coastal,no,1,3580,no
25,57436,0.09,5,inland,yes,3,66,yes
36,32007,0.155,0,north,yes,4,1187,yes
47,45864,0.146,7.8,south,yes,5,7392,yes
53,43707,0.297,11.7,north,yes,5,8659,no
46,29883,0.196,5.7,inland,yes,0,2410,no
59,43857,0.666,0.1,inland,no,0,4673,yes
24,75372,0.301,4,south,yes,5,8821,yes
31,45101,0.484,5,south,no,2,3820,no
61,101035,0.319,10,coastal,yes,3,3569,yes
62,38450,0.317,6.2,south,no,4,9124,yes
25,25456,0.203,5,south,no,3,3784,no
64,59365,0.225,5.3,north,yes,0,1251,yes
40,48152,0.21,11.3,inland,yes,1,2930,yes
32,25316,0.363,7.1,south,no,0,4831,no
31,66759,0.413,11,coastal,yes,2,6900,no
43,39707,0.193,18,north,no,4,6154,no
26,35478,0.127,6,north,yes,4,3409,no
64,45358,0.02,7.7,south,no,0,2150,yes
39,22378,0.308,4.9,south,no,0,1738,no
46,23316,0.031,3.9,coastal,yes,0,2423,no
33,91156,0.02,1.1,south,no,0,5149,yes
40,41334,0.188,7.2,north,no,3,8022,no
59,75267,0.541,3.3,north,yes,3,973,no
48,26276,0.194,0.5,south,yes,0,6347,no
57,36693,0.39,6.7,coastal,yes,3,8867,yes
24,43175,0.243,4,south,no,0,7580,no
57,40522,0.065,8.6,inland,no,3,7163,no
23,32116,0.02,3,inland,no,4,7914,yes
46,40339,0.268,6.2,south,no,5,643,no
25,68718,0.324,0,south,no,3,8617,yes
27,37245,0.316,5.4,north,no,5,2499,no
31,25893,0.611,2,inland,yes,4,1960,yes
64,47735,0.398,7.8,inland,no,3,5178,no
40,36972,0.111,13.8,north,no,4,7647,yes
55,55108,0.568,8.8,north,yes,5,2008,no
67,54026,0.268,9.5,inland,yes,4,2150,no
62,48455,0.528,5.5,coastal,no,5,6452,no
55,42653,0.138,8.3,north,no,1,9966,no
26,36822,0.487,6,inland,yes,3,2446,no
29,85614,0.2,8.3,north,yes,3,4437,no
48,53602,0.282,3.7,coastal,no,0,4930,yes
27,70545,0.324,0,coastal,no,0,5536,yes
39,57249,0.31,5,south,yes,1,3485,yes
56,43156,0.654,7.5,coastal,yes,3,7982,yes
22,30383,0.02,2,south,no,3,3836,no
43,40030,0.249,12.3,south,no,5,5192,yes
52,27620,0.02,8,south,no,3,2027,no
54,23006,0.722,2.8,coastal,yes,0,8092,yes
25,77645,0.076,5,north,no,0,5213,no
34,27993,0.352,8,coastal,yes,0,8833,no
46,32085,0.131,7,inland,no,4,380,no
55,46617,0.387,10,south,yes,0,5531,no
61,57266,0.207,6.2,north,no,1,5443,yes
63,48424,0.14,8.6,coastal,no,5,2867,yes
57,25081,0.252,13.7,north,yes,4,2802,no
32,60474,0.19,3.8,coastal,yes,5,6913,yes
64,74512,0.11,7.1,inland,no,5,1252,yes
27,66905,0.13,7,south,no,0,4954,yes
53,43123,0.093,10,coastal,no,1,6937,yes
50,35525,0.142,12,north,yes,2,6049,no
60,37732,0.4,4.5,south,no,3,3479,yes
50,56887,0.361,5.6,inland,no,1,7978,yes
39,83868,0.179,13.4,coastal,no,4,8660,no
62,27009,0.438,6,inland,no,4,636,yes
30,36834,0.135,3.4,north,no,5,8780,no
36,50934,0.347,10.8,south,no,1,3703,yes
26,34737,0.588,0.2,south,no,1,5705,yes
60,24263,0.81,5.4,inland,yes,0,3487,yes
66,47303,0.305,10.3,north,no,4,6029,yes
39,48112,0.197,1,north,no,2,6272,yes
